PRAGMA foreign_keys=OFF;
BEGIN TRANSACTION;
CREATE TABLE "schema_migrations" ("version" varchar(255) NOT NULL);
INSERT INTO "schema_migrations" VALUES('20140310190624');
INSERT INTO "schema_migrations" VALUES('20140310191630');
INSERT INTO "schema_migrations" VALUES('20140310192019');
INSERT INTO "schema_migrations" VALUES('20140310192418');
INSERT INTO "schema_migrations" VALUES('20140313181949');
INSERT INTO "schema_migrations" VALUES('20140313182013');
CREATE TABLE "users" ("id" INTEGER PRIMARY KEY AUTOINCREMENT NOT NULL, "first_name" varchar(255), "last_name" varchar(255), "created_at" datetime, "updated_at" datetime);
INSERT INTO "users" VALUES(222,'John','Doe 0','2014-03-13 18:35:04.930798','2014-03-13 18:35:04.930798');
INSERT INTO "users" VALUES(223,'John','Doe 1','2014-03-13 18:35:05.098437','2014-03-13 18:35:05.098437');
INSERT INTO "users" VALUES(224,'John','Doe 2','2014-03-13 18:35:05.242976','2014-03-13 18:35:05.242976');
INSERT INTO "users" VALUES(225,'John','Doe 3','2014-03-13 18:35:05.388360','2014-03-13 18:35:05.388360');
INSERT INTO "users" VALUES(226,'John','Doe 4','2014-03-13 18:35:05.511618','2014-03-13 18:35:05.511618');
INSERT INTO "users" VALUES(227,'John','Doe 5','2014-03-13 18:35:05.623803','2014-03-13 18:35:05.623803');
INSERT INTO "users" VALUES(228,'John','Doe 6','2014-03-13 18:35:05.758169','2014-03-13 18:35:05.758169');
INSERT INTO "users" VALUES(229,'John','Doe 7','2014-03-13 18:35:05.905299','2014-03-13 18:35:05.905299');
INSERT INTO "users" VALUES(230,'John','Doe 8','2014-03-13 18:35:06.050745','2014-03-13 18:35:06.050745');
INSERT INTO "users" VALUES(231,'John','Doe 9','2014-03-13 18:35:06.196169','2014-03-13 18:35:06.196169');
CREATE TABLE "games" ("id" INTEGER PRIMARY KEY AUTOINCREMENT NOT NULL, "home_player_id" integer, "away_player_id" integer, "home_score" integer, "away_score" integer, "created_at" datetime, "updated_at" datetime);
INSERT INTO "games" VALUES(3620,222,223,0,2,'2014-03-13 18:35:13.470015','2014-03-13 18:35:13.470015');
INSERT INTO "games" VALUES(3621,222,224,3,2,'2014-03-13 18:35:14.928589','2014-03-13 18:35:14.928589');
INSERT INTO "games" VALUES(3622,222,225,2,0,'2014-03-13 18:35:16.306559','2014-03-13 18:35:16.306559');
INSERT INTO "games" VALUES(3623,222,226,1,2,'2014-03-13 18:35:18.128622','2014-03-13 18:35:18.128622');
INSERT INTO "games" VALUES(3624,222,227,4,2,'2014-03-13 18:35:19.762154','2014-03-13 18:35:19.762154');
INSERT INTO "games" VALUES(3625,222,228,3,2,'2014-03-13 18:35:21.149893','2014-03-13 18:35:21.149893');
INSERT INTO "games" VALUES(3626,222,229,0,2,'2014-03-13 18:35:22.717381','2014-03-13 18:35:22.717381');
INSERT INTO "games" VALUES(3627,222,230,0,0,'2014-03-13 18:35:24.061838','2014-03-13 18:35:24.061838');
INSERT INTO "games" VALUES(3628,222,231,4,2,'2014-03-13 18:35:25.399815','2014-03-13 18:35:25.399815');
INSERT INTO "games" VALUES(3629,223,222,0,2,'2014-03-13 18:35:26.758462','2014-03-13 18:35:26.758462');
INSERT INTO "games" VALUES(3630,223,224,4,2,'2014-03-13 18:35:28.103244','2014-03-13 18:35:28.103244');
INSERT INTO "games" VALUES(3631,223,225,4,2,'2014-03-13 18:35:29.647536','2014-03-13 18:35:29.647536');
INSERT INTO "games" VALUES(3632,223,226,4,0,'2014-03-13 18:35:31.353920','2014-03-13 18:35:31.353920');
INSERT INTO "games" VALUES(3633,223,227,4,0,'2014-03-13 18:35:33.285846','2014-03-13 18:35:33.285846');
INSERT INTO "games" VALUES(3634,223,228,2,1,'2014-03-13 18:35:34.544117','2014-03-13 18:35:34.544117');
INSERT INTO "games" VALUES(3635,223,229,2,2,'2014-03-13 18:35:36.170721','2014-03-13 18:35:36.170721');
INSERT INTO "games" VALUES(3636,223,230,2,1,'2014-03-13 18:35:38.185739','2014-03-13 18:35:38.185739');
INSERT INTO "games" VALUES(3637,223,231,2,2,'2014-03-13 18:35:39.644621','2014-03-13 18:35:39.644621');
INSERT INTO "games" VALUES(3638,224,222,3,1,'2014-03-13 18:35:41.227596','2014-03-13 18:35:41.227596');
INSERT INTO "games" VALUES(3639,224,223,0,0,'2014-03-13 18:35:43.395445','2014-03-13 18:35:43.395445');
INSERT INTO "games" VALUES(3640,224,225,2,0,'2014-03-13 18:35:44.776079','2014-03-13 18:35:44.776079');
INSERT INTO "games" VALUES(3641,224,226,1,0,'2014-03-13 18:35:46.144160','2014-03-13 18:35:46.144160');
INSERT INTO "games" VALUES(3642,224,227,0,2,'2014-03-13 18:35:48.459612','2014-03-13 18:35:48.459612');
INSERT INTO "games" VALUES(3643,224,228,0,2,'2014-03-13 18:35:50.003407','2014-03-13 18:35:50.003407');
INSERT INTO "games" VALUES(3644,224,229,1,1,'2014-03-13 18:35:51.459876','2014-03-13 18:35:51.459876');
INSERT INTO "games" VALUES(3645,224,230,3,0,'2014-03-13 18:35:52.983748','2014-03-13 18:35:52.983748');
INSERT INTO "games" VALUES(3646,224,231,4,0,'2014-03-13 18:35:54.329304','2014-03-13 18:35:54.329304');
INSERT INTO "games" VALUES(3647,225,222,4,2,'2014-03-13 18:35:55.776454','2014-03-13 18:35:55.776454');
INSERT INTO "games" VALUES(3648,225,223,3,2,'2014-03-13 18:35:57.189999','2014-03-13 18:35:57.189999');
INSERT INTO "games" VALUES(3649,225,224,4,0,'2014-03-13 18:35:59.059384','2014-03-13 18:35:59.059384');
INSERT INTO "games" VALUES(3650,225,226,0,2,'2014-03-13 18:36:00.527229','2014-03-13 18:36:00.527229');
INSERT INTO "games" VALUES(3651,225,227,3,2,'2014-03-13 18:36:02.239536','2014-03-13 18:36:02.239536');
INSERT INTO "games" VALUES(3652,225,228,3,0,'2014-03-13 18:36:04.164445','2014-03-13 18:36:04.164445');
INSERT INTO "games" VALUES(3653,225,229,1,2,'2014-03-13 18:36:05.532225','2014-03-13 18:36:05.532225');
INSERT INTO "games" VALUES(3654,225,230,4,0,'2014-03-13 18:36:06.955567','2014-03-13 18:36:06.955567');
INSERT INTO "games" VALUES(3655,225,231,0,2,'2014-03-13 18:36:08.734215','2014-03-13 18:36:08.734215');
INSERT INTO "games" VALUES(3656,226,222,2,0,'2014-03-13 18:36:10.337827','2014-03-13 18:36:10.337827');
INSERT INTO "games" VALUES(3657,226,223,4,2,'2014-03-13 18:36:11.714412','2014-03-13 18:36:11.714412');
INSERT INTO "games" VALUES(3658,226,224,2,0,'2014-03-13 18:36:13.249754','2014-03-13 18:36:13.249754');
INSERT INTO "games" VALUES(3659,226,225,4,2,'2014-03-13 18:36:14.750588','2014-03-13 18:36:14.750588');
INSERT INTO "games" VALUES(3660,226,227,3,0,'2014-03-13 18:36:16.337873','2014-03-13 18:36:16.337873');
INSERT INTO "games" VALUES(3661,226,228,4,2,'2014-03-13 18:36:18.276806','2014-03-13 18:36:18.276806');
INSERT INTO "games" VALUES(3662,226,229,4,1,'2014-03-13 18:36:19.888929','2014-03-13 18:36:19.888929');
INSERT INTO "games" VALUES(3663,226,230,4,2,'2014-03-13 18:36:21.278902','2014-03-13 18:36:21.278902');
INSERT INTO "games" VALUES(3664,226,231,1,1,'2014-03-13 18:36:22.916456','2014-03-13 18:36:22.916456');
INSERT INTO "games" VALUES(3665,227,222,4,1,'2014-03-13 18:36:24.428704','2014-03-13 18:36:24.428704');
INSERT INTO "games" VALUES(3666,227,223,4,1,'2014-03-13 18:36:25.841056','2014-03-13 18:36:25.841056');
INSERT INTO "games" VALUES(3667,227,224,4,0,'2014-03-13 18:36:27.233045','2014-03-13 18:36:27.233045');
INSERT INTO "games" VALUES(3668,227,225,3,2,'2014-03-13 18:36:28.811896','2014-03-13 18:36:28.811896');
INSERT INTO "games" VALUES(3669,227,226,2,1,'2014-03-13 18:36:30.324014','2014-03-13 18:36:30.324014');
INSERT INTO "games" VALUES(3670,227,228,4,0,'2014-03-13 18:36:31.886466','2014-03-13 18:36:31.886466');
INSERT INTO "games" VALUES(3671,227,229,3,0,'2014-03-13 18:36:33.516327','2014-03-13 18:36:33.516327');
INSERT INTO "games" VALUES(3672,227,230,4,2,'2014-03-13 18:36:35.082686','2014-03-13 18:36:35.082686');
INSERT INTO "games" VALUES(3673,227,231,0,1,'2014-03-13 18:36:36.773750','2014-03-13 18:36:36.773750');
INSERT INTO "games" VALUES(3674,228,222,0,2,'2014-03-13 18:36:38.410184','2014-03-13 18:36:38.410184');
INSERT INTO "games" VALUES(3675,228,223,1,2,'2014-03-13 18:36:40.087546','2014-03-13 18:36:40.087546');
INSERT INTO "games" VALUES(3676,228,224,4,0,'2014-03-13 18:36:41.688685','2014-03-13 18:36:41.688685');
INSERT INTO "games" VALUES(3677,228,225,3,2,'2014-03-13 18:36:43.558722','2014-03-13 18:36:43.558722');
INSERT INTO "games" VALUES(3678,228,226,2,2,'2014-03-13 18:36:45.126307','2014-03-13 18:36:45.126307');
INSERT INTO "games" VALUES(3679,228,227,2,0,'2014-03-13 18:36:46.781810','2014-03-13 18:36:46.781810');
INSERT INTO "games" VALUES(3680,228,229,3,0,'2014-03-13 18:36:48.340049','2014-03-13 18:36:48.340049');
INSERT INTO "games" VALUES(3681,228,230,4,1,'2014-03-13 18:36:49.808022','2014-03-13 18:36:49.808022');
INSERT INTO "games" VALUES(3682,228,231,2,2,'2014-03-13 18:36:51.297986','2014-03-13 18:36:51.297986');
INSERT INTO "games" VALUES(3683,229,222,1,0,'2014-03-13 18:36:53.278811','2014-03-13 18:36:53.278811');
INSERT INTO "games" VALUES(3684,229,223,2,1,'2014-03-13 18:36:54.745354','2014-03-13 18:36:54.745354');
INSERT INTO "games" VALUES(3685,229,224,0,2,'2014-03-13 18:36:56.143351','2014-03-13 18:36:56.143351');
INSERT INTO "games" VALUES(3686,229,225,4,1,'2014-03-13 18:36:57.956884','2014-03-13 18:36:57.956884');
INSERT INTO "games" VALUES(3687,229,226,1,0,'2014-03-13 18:36:59.859171','2014-03-13 18:36:59.859171');
INSERT INTO "games" VALUES(3688,229,227,0,2,'2014-03-13 18:37:01.535482','2014-03-13 18:37:01.535482');
INSERT INTO "games" VALUES(3689,229,228,0,2,'2014-03-13 18:37:03.081370','2014-03-13 18:37:03.081370');
INSERT INTO "games" VALUES(3690,229,230,4,1,'2014-03-13 18:37:04.669141','2014-03-13 18:37:04.669141');
INSERT INTO "games" VALUES(3691,229,231,2,0,'2014-03-13 18:37:06.202204','2014-03-13 18:37:06.202204');
INSERT INTO "games" VALUES(3692,230,222,1,0,'2014-03-13 18:37:07.994129','2014-03-13 18:37:07.994129');
INSERT INTO "games" VALUES(3693,230,223,2,2,'2014-03-13 18:37:09.427177','2014-03-13 18:37:09.427177');
INSERT INTO "games" VALUES(3694,230,224,0,0,'2014-03-13 18:37:10.993647','2014-03-13 18:37:10.993647');
INSERT INTO "games" VALUES(3695,230,225,2,2,'2014-03-13 18:37:12.780929','2014-03-13 18:37:12.780929');
INSERT INTO "games" VALUES(3696,230,226,0,0,'2014-03-13 18:37:14.673410','2014-03-13 18:37:14.673410');
INSERT INTO "games" VALUES(3697,230,227,4,1,'2014-03-13 18:37:16.093720','2014-03-13 18:37:16.093720');
INSERT INTO "games" VALUES(3698,230,228,4,1,'2014-03-13 18:37:17.738763','2014-03-13 18:37:17.738763');
INSERT INTO "games" VALUES(3699,230,229,0,1,'2014-03-13 18:37:19.383560','2014-03-13 18:37:19.383560');
INSERT INTO "games" VALUES(3700,230,231,1,0,'2014-03-13 18:37:21.332106','2014-03-13 18:37:21.332106');
INSERT INTO "games" VALUES(3701,231,222,4,0,'2014-03-13 18:37:22.746374','2014-03-13 18:37:22.746374');
INSERT INTO "games" VALUES(3702,231,223,2,0,'2014-03-13 18:37:24.188135','2014-03-13 18:37:24.188135');
INSERT INTO "games" VALUES(3703,231,224,2,1,'2014-03-13 18:37:26.080379','2014-03-13 18:37:26.080379');
INSERT INTO "games" VALUES(3704,231,225,4,0,'2014-03-13 18:37:28.173052','2014-03-13 18:37:28.173052');
INSERT INTO "games" VALUES(3705,231,226,2,2,'2014-03-13 18:37:29.582345','2014-03-13 18:37:29.582345');
INSERT INTO "games" VALUES(3706,231,227,1,1,'2014-03-13 18:37:31.355014','2014-03-13 18:37:31.355014');
INSERT INTO "games" VALUES(3707,231,228,4,0,'2014-03-13 18:37:32.778533','2014-03-13 18:37:32.778533');
INSERT INTO "games" VALUES(3708,231,229,4,2,'2014-03-13 18:37:34.390728','2014-03-13 18:37:34.390728');
INSERT INTO "games" VALUES(3709,231,230,1,0,'2014-03-13 18:37:35.925101','2014-03-13 18:37:35.925101');
CREATE TABLE "scores" ("id" INTEGER PRIMARY KEY AUTOINCREMENT NOT NULL, "game_id" integer, "scorer_id" integer, "minute" integer, "created_at" datetime, "updated_at" datetime);
INSERT INTO "scores" VALUES(1974,3620,431,51,'2014-03-13 18:35:13.657364','2014-03-13 18:44:45.102064');
INSERT INTO "scores" VALUES(1975,3620,431,64,'2014-03-13 18:35:13.830920','2014-03-13 18:44:45.373445');
INSERT INTO "scores" VALUES(1976,3620,414,39,'2014-03-13 18:35:14.041817','2014-03-13 18:44:45.519558');
INSERT INTO "scores" VALUES(1977,3620,419,69,'2014-03-13 18:35:14.189882','2014-03-13 18:44:45.676151');
INSERT INTO "scores" VALUES(1978,3620,407,27,'2014-03-13 18:35:14.322961','2014-03-13 18:44:45.832226');
INSERT INTO "scores" VALUES(1979,3620,410,33,'2014-03-13 18:35:14.502187','2014-03-13 18:44:45.989507');
INSERT INTO "scores" VALUES(1980,3620,416,9,'2014-03-13 18:35:14.682041','2014-03-13 18:44:46.180957');
INSERT INTO "scores" VALUES(1981,3620,401,32,'2014-03-13 18:35:14.805354','2014-03-13 18:44:46.315274');
INSERT INTO "scores" VALUES(1982,3621,409,31,'2014-03-13 18:35:15.052010','2014-03-13 18:44:46.450644');
INSERT INTO "scores" VALUES(1983,3621,410,5,'2014-03-13 18:35:15.286441','2014-03-13 18:44:46.596192');
INSERT INTO "scores" VALUES(1984,3621,410,41,'2014-03-13 18:35:15.453987','2014-03-13 18:44:46.719642');
INSERT INTO "scores" VALUES(1985,3621,413,28,'2014-03-13 18:35:15.598938','2014-03-13 18:44:46.865085');
INSERT INTO "scores" VALUES(1986,3621,437,45,'2014-03-13 18:35:15.735373','2014-03-13 18:44:47.021685');
INSERT INTO "scores" VALUES(1987,3621,402,24,'2014-03-13 18:35:15.880851','2014-03-13 18:44:47.167160');
INSERT INTO "scores" VALUES(1988,3621,431,88,'2014-03-13 18:35:16.026375','2014-03-13 18:44:47.323122');
INSERT INTO "scores" VALUES(1989,3621,410,29,'2014-03-13 18:35:16.171897','2014-03-13 18:44:47.471059');
INSERT INTO "scores" VALUES(1990,3622,406,68,'2014-03-13 18:35:16.429737','2014-03-13 18:44:47.605585');
INSERT INTO "scores" VALUES(1991,3622,407,11,'2014-03-13 18:35:16.563913','2014-03-13 18:44:47.762310');
INSERT INTO "scores" VALUES(1992,3622,405,63,'2014-03-13 18:35:16.720557','2014-03-13 18:44:47.896541');
INSERT INTO "scores" VALUES(1993,3622,416,14,'2014-03-13 18:35:16.877047','2014-03-13 18:44:48.031095');
INSERT INTO "scores" VALUES(1994,3622,412,82,'2014-03-13 18:35:17.511487','2014-03-13 18:44:48.187622');
INSERT INTO "scores" VALUES(1995,3622,427,52,'2014-03-13 18:35:17.667834','2014-03-13 18:44:48.518302');
INSERT INTO "scores" VALUES(1996,3622,426,81,'2014-03-13 18:35:17.826245','2014-03-13 18:44:48.690847');
INSERT INTO "scores" VALUES(1997,3622,438,43,'2014-03-13 18:35:17.982760','2014-03-13 18:44:48.925044');
INSERT INTO "scores" VALUES(1998,3623,414,70,'2014-03-13 18:35:18.251486','2014-03-13 18:44:49.127699');
INSERT INTO "scores" VALUES(1999,3623,401,9,'2014-03-13 18:35:18.430518','2014-03-13 18:44:49.284330');
INSERT INTO "scores" VALUES(2000,3623,438,8,'2014-03-13 18:35:18.631483','2014-03-13 18:44:49.418786');
INSERT INTO "scores" VALUES(2001,3623,418,61,'2014-03-13 18:35:18.799193','2014-03-13 18:44:49.553144');
INSERT INTO "scores" VALUES(2002,3623,410,67,'2014-03-13 18:35:18.955730','2014-03-13 18:44:49.742530');
INSERT INTO "scores" VALUES(2003,3623,405,20,'2014-03-13 18:35:19.186858','2014-03-13 18:44:49.910136');
INSERT INTO "scores" VALUES(2004,3623,415,14,'2014-03-13 18:35:19.336239','2014-03-13 18:44:50.056010');
INSERT INTO "scores" VALUES(2005,3623,436,86,'2014-03-13 18:35:19.538800','2014-03-13 18:44:50.201231');
INSERT INTO "scores" VALUES(2006,3624,424,75,'2014-03-13 18:35:19.918790','2014-03-13 18:44:50.425729');
INSERT INTO "scores" VALUES(2007,3624,407,26,'2014-03-13 18:35:20.042086','2014-03-13 18:44:50.571365');
INSERT INTO "scores" VALUES(2008,3624,411,39,'2014-03-13 18:35:20.165199','2014-03-13 18:44:50.695539');
INSERT INTO "scores" VALUES(2009,3624,408,52,'2014-03-13 18:35:20.310811','2014-03-13 18:44:50.841662');
INSERT INTO "scores" VALUES(2010,3624,434,7,'2014-03-13 18:35:20.500635','2014-03-13 18:44:51.031850');
INSERT INTO "scores" VALUES(2011,3624,415,43,'2014-03-13 18:35:20.657267','2014-03-13 18:44:51.278573');
INSERT INTO "scores" VALUES(2012,3624,402,23,'2014-03-13 18:35:20.790666','2014-03-13 18:44:51.424189');
INSERT INTO "scores" VALUES(2013,3624,438,84,'2014-03-13 18:35:20.959174','2014-03-13 18:44:51.569661');
INSERT INTO "scores" VALUES(2014,3625,427,45,'2014-03-13 18:35:21.306440','2014-03-13 18:44:51.715128');
INSERT INTO "scores" VALUES(2015,3625,410,54,'2014-03-13 18:35:21.451954','2014-03-13 18:44:51.860581');
INSERT INTO "scores" VALUES(2016,3625,424,38,'2014-03-13 18:35:21.586081','2014-03-13 18:44:52.058655');
INSERT INTO "scores" VALUES(2017,3625,408,7,'2014-03-13 18:35:21.832966','2014-03-13 18:44:52.207966');
INSERT INTO "scores" VALUES(2018,3625,428,37,'2014-03-13 18:35:22.023640','2014-03-13 18:44:52.365482');
INSERT INTO "scores" VALUES(2019,3625,431,49,'2014-03-13 18:35:22.157242','2014-03-13 18:44:52.511027');
INSERT INTO "scores" VALUES(2020,3625,435,1,'2014-03-13 18:35:22.324945','2014-03-13 18:44:52.656327');
INSERT INTO "scores" VALUES(2021,3625,424,31,'2014-03-13 18:35:22.549388','2014-03-13 18:44:52.802008');
INSERT INTO "scores" VALUES(2022,3626,401,9,'2014-03-13 18:35:22.864228','2014-03-13 18:44:52.947593');
INSERT INTO "scores" VALUES(2023,3626,405,78,'2014-03-13 18:35:22.986062','2014-03-13 18:44:53.081750');
INSERT INTO "scores" VALUES(2024,3626,424,33,'2014-03-13 18:35:23.110740','2014-03-13 18:44:53.226882');
INSERT INTO "scores" VALUES(2025,3626,415,28,'2014-03-13 18:35:23.234016','2014-03-13 18:44:53.350442');
INSERT INTO "scores" VALUES(2026,3626,434,69,'2014-03-13 18:35:23.379573','2014-03-13 18:44:53.495791');
INSERT INTO "scores" VALUES(2027,3626,421,13,'2014-03-13 18:35:23.536035','2014-03-13 18:44:53.700673');
INSERT INTO "scores" VALUES(2028,3626,436,48,'2014-03-13 18:35:23.770658','2014-03-13 18:44:53.846910');
INSERT INTO "scores" VALUES(2029,3626,438,66,'2014-03-13 18:35:23.916032','2014-03-13 18:44:53.980485');
INSERT INTO "scores" VALUES(2030,3627,434,33,'2014-03-13 18:35:24.251923','2014-03-13 18:44:54.114645');
INSERT INTO "scores" VALUES(2031,3627,440,62,'2014-03-13 18:35:24.391273','2014-03-13 18:44:54.261084');
INSERT INTO "scores" VALUES(2032,3627,434,71,'2014-03-13 18:35:24.536824','2014-03-13 18:44:54.394866');
INSERT INTO "scores" VALUES(2033,3627,428,34,'2014-03-13 18:35:24.682607','2014-03-13 18:44:54.518779');
INSERT INTO "scores" VALUES(2034,3627,416,3,'2014-03-13 18:35:24.827272','2014-03-13 18:44:54.685938');
INSERT INTO "scores" VALUES(2035,3627,440,10,'2014-03-13 18:35:24.973848','2014-03-13 18:44:54.866830');
INSERT INTO "scores" VALUES(2036,3627,416,39,'2014-03-13 18:35:25.118333','2014-03-13 18:44:55.034054');
INSERT INTO "scores" VALUES(2037,3627,433,43,'2014-03-13 18:35:25.264854','2014-03-13 18:44:55.179624');
INSERT INTO "scores" VALUES(2038,3628,410,82,'2014-03-13 18:35:25.511858','2014-03-13 18:44:55.348177');
INSERT INTO "scores" VALUES(2039,3628,417,90,'2014-03-13 18:35:25.646646','2014-03-13 18:44:55.549385');
INSERT INTO "scores" VALUES(2040,3628,428,21,'2014-03-13 18:35:25.771111','2014-03-13 18:44:55.694759');
INSERT INTO "scores" VALUES(2041,3628,440,1,'2014-03-13 18:35:25.916722','2014-03-13 18:44:55.818220');
INSERT INTO "scores" VALUES(2042,3628,402,51,'2014-03-13 18:35:26.096430','2014-03-13 18:44:55.941093');
INSERT INTO "scores" VALUES(2043,3628,408,44,'2014-03-13 18:35:26.342131','2014-03-13 18:44:56.098094');
INSERT INTO "scores" VALUES(2044,3628,432,21,'2014-03-13 18:35:26.486589','2014-03-13 18:44:56.277094');
INSERT INTO "scores" VALUES(2045,3628,410,86,'2014-03-13 18:35:26.633571','2014-03-13 18:44:56.434955');
INSERT INTO "scores" VALUES(2046,3629,422,29,'2014-03-13 18:35:26.869525','2014-03-13 18:44:56.613827');
INSERT INTO "scores" VALUES(2047,3629,420,59,'2014-03-13 18:35:27.017474','2014-03-13 18:44:56.748222');
INSERT INTO "scores" VALUES(2048,3629,410,26,'2014-03-13 18:35:27.161825','2014-03-13 18:44:56.982684');
INSERT INTO "scores" VALUES(2049,3629,435,20,'2014-03-13 18:35:27.307487','2014-03-13 18:44:57.217126');
INSERT INTO "scores" VALUES(2050,3629,426,12,'2014-03-13 18:35:27.453087','2014-03-13 18:44:57.396388');
INSERT INTO "scores" VALUES(2051,3629,427,71,'2014-03-13 18:35:27.699554','2014-03-13 18:44:57.520147');
INSERT INTO "scores" VALUES(2052,3629,416,66,'2014-03-13 18:35:27.845117','2014-03-13 18:44:57.687698');
INSERT INTO "scores" VALUES(2053,3629,405,56,'2014-03-13 18:35:27.979804','2014-03-13 18:44:57.844620');
INSERT INTO "scores" VALUES(2054,3630,416,89,'2014-03-13 18:35:28.228041','2014-03-13 18:44:57.991382');
INSERT INTO "scores" VALUES(2055,3630,407,10,'2014-03-13 18:35:28.373643','2014-03-13 18:44:58.126188');
INSERT INTO "scores" VALUES(2056,3630,435,46,'2014-03-13 18:35:28.641387','2014-03-13 18:44:58.271335');
INSERT INTO "scores" VALUES(2057,3630,401,71,'2014-03-13 18:35:28.831046','2014-03-13 18:44:58.416379');
INSERT INTO "scores" VALUES(2058,3630,437,28,'2014-03-13 18:35:28.977125','2014-03-13 18:44:58.540577');
INSERT INTO "scores" VALUES(2059,3630,413,64,'2014-03-13 18:35:29.133372','2014-03-13 18:44:58.674877');
INSERT INTO "scores" VALUES(2060,3630,422,22,'2014-03-13 18:35:29.322945','2014-03-13 18:44:58.809492');
INSERT INTO "scores" VALUES(2061,3630,403,64,'2014-03-13 18:35:29.512855','2014-03-13 18:44:58.943426');
INSERT INTO "scores" VALUES(2062,3631,427,31,'2014-03-13 18:35:29.770732','2014-03-13 18:44:59.078121');
INSERT INTO "scores" VALUES(2063,3631,432,16,'2014-03-13 18:35:30.014743','2014-03-13 18:44:59.234784');
INSERT INTO "scores" VALUES(2064,3631,431,87,'2014-03-13 18:35:30.255576','2014-03-13 18:44:59.392766');
INSERT INTO "scores" VALUES(2065,3631,424,9,'2014-03-13 18:35:30.412134','2014-03-13 18:44:59.549648');
INSERT INTO "scores" VALUES(2066,3631,411,38,'2014-03-13 18:35:30.591205','2014-03-13 18:44:59.706192');
INSERT INTO "scores" VALUES(2067,3631,408,29,'2014-03-13 18:35:30.792346','2014-03-13 18:44:59.862810');
INSERT INTO "scores" VALUES(2068,3631,415,65,'2014-03-13 18:35:30.971369','2014-03-13 18:45:00.075122');
INSERT INTO "scores" VALUES(2069,3631,409,72,'2014-03-13 18:35:31.125252','2014-03-13 18:45:00.276187');
INSERT INTO "scores" VALUES(2070,3632,426,89,'2014-03-13 18:35:31.512401','2014-03-13 18:45:00.410630');
INSERT INTO "scores" VALUES(2071,3632,424,74,'2014-03-13 18:35:31.667500','2014-03-13 18:45:00.544846');
INSERT INTO "scores" VALUES(2072,3632,408,17,'2014-03-13 18:35:31.909809','2014-03-13 18:45:00.746132');
INSERT INTO "scores" VALUES(2073,3632,437,50,'2014-03-13 18:35:32.238907','2014-03-13 18:45:00.935909');
INSERT INTO "scores" VALUES(2074,3632,426,16,'2014-03-13 18:35:32.462057','2014-03-13 18:45:01.070526');
INSERT INTO "scores" VALUES(2075,3632,405,21,'2014-03-13 18:35:32.778867','2014-03-13 18:45:01.217539');
INSERT INTO "scores" VALUES(2076,3632,408,8,'2014-03-13 18:35:33.003706','2014-03-13 18:45:01.363020');
INSERT INTO "scores" VALUES(2077,3632,432,67,'2014-03-13 18:35:33.128021','2014-03-13 18:45:01.541802');
INSERT INTO "scores" VALUES(2078,3633,402,63,'2014-03-13 18:35:33.431046','2014-03-13 18:45:01.742901');
INSERT INTO "scores" VALUES(2079,3633,428,61,'2014-03-13 18:35:33.577598','2014-03-13 18:45:01.877302');
INSERT INTO "scores" VALUES(2080,3633,407,25,'2014-03-13 18:35:33.712158','2014-03-13 18:45:02.345037');
INSERT INTO "scores" VALUES(2081,3633,440,31,'2014-03-13 18:35:33.870188','2014-03-13 18:45:02.490620');
INSERT INTO "scores" VALUES(2082,3633,426,83,'2014-03-13 18:35:34.016212','2014-03-13 18:45:02.781583');
INSERT INTO "scores" VALUES(2083,3633,432,35,'2014-03-13 18:35:34.139728','2014-03-13 18:45:03.082957');
INSERT INTO "scores" VALUES(2084,3633,412,86,'2014-03-13 18:35:34.262891','2014-03-13 18:45:03.263357');
INSERT INTO "scores" VALUES(2085,3633,407,30,'2014-03-13 18:35:34.398113','2014-03-13 18:45:03.408888');
INSERT INTO "scores" VALUES(2086,3634,433,46,'2014-03-13 18:35:34.702352','2014-03-13 18:45:03.532090');
INSERT INTO "scores" VALUES(2087,3634,417,9,'2014-03-13 18:35:34.873093','2014-03-13 18:45:03.655355');
INSERT INTO "scores" VALUES(2088,3634,429,36,'2014-03-13 18:35:35.194055','2014-03-13 18:45:03.778702');
INSERT INTO "scores" VALUES(2089,3634,410,28,'2014-03-13 18:35:35.339919','2014-03-13 18:45:03.957517');
INSERT INTO "scores" VALUES(2090,3634,437,28,'2014-03-13 18:35:35.485898','2014-03-13 18:45:04.114232');
INSERT INTO "scores" VALUES(2091,3634,410,26,'2014-03-13 18:35:35.608825','2014-03-13 18:45:04.259899');
INSERT INTO "scores" VALUES(2092,3634,414,30,'2014-03-13 18:35:35.877782','2014-03-13 18:45:04.405422');
INSERT INTO "scores" VALUES(2093,3634,427,20,'2014-03-13 18:35:36.023415','2014-03-13 18:45:04.550979');
INSERT INTO "scores" VALUES(2094,3635,429,2,'2014-03-13 18:35:36.338565','2014-03-13 18:45:04.742569');
INSERT INTO "scores" VALUES(2095,3635,401,53,'2014-03-13 18:35:36.528375','2014-03-13 18:45:04.921173');
INSERT INTO "scores" VALUES(2096,3635,406,3,'2014-03-13 18:35:36.707271','2014-03-13 18:45:05.066923');
INSERT INTO "scores" VALUES(2097,3635,439,13,'2014-03-13 18:35:36.830449','2014-03-13 18:45:05.190477');
INSERT INTO "scores" VALUES(2098,3635,432,48,'2014-03-13 18:35:37.004447','2014-03-13 18:45:05.336038');
INSERT INTO "scores" VALUES(2099,3635,438,85,'2014-03-13 18:35:37.199888','2014-03-13 18:45:05.569992');
INSERT INTO "scores" VALUES(2100,3635,432,63,'2014-03-13 18:35:37.423545','2014-03-13 18:45:05.738114');
INSERT INTO "scores" VALUES(2101,3635,408,6,'2014-03-13 18:35:38.006267','2014-03-13 18:45:05.883653');
INSERT INTO "scores" VALUES(2102,3636,418,70,'2014-03-13 18:35:38.365505','2014-03-13 18:45:06.074396');
INSERT INTO "scores" VALUES(2103,3636,424,64,'2014-03-13 18:35:38.521823','2014-03-13 18:45:06.487911');
INSERT INTO "scores" VALUES(2104,3636,422,62,'2014-03-13 18:35:38.678995','2014-03-13 18:45:06.611965');
INSERT INTO "scores" VALUES(2105,3636,415,53,'2014-03-13 18:35:38.847020','2014-03-13 18:45:06.735080');
INSERT INTO "scores" VALUES(2106,3636,426,57,'2014-03-13 18:35:39.017682','2014-03-13 18:45:06.880687');
INSERT INTO "scores" VALUES(2107,3636,403,57,'2014-03-13 18:35:39.174751','2014-03-13 18:45:07.349488');
INSERT INTO "scores" VALUES(2108,3636,406,83,'2014-03-13 18:35:39.298113','2014-03-13 18:45:07.506144');
INSERT INTO "scores" VALUES(2109,3636,407,55,'2014-03-13 18:35:39.431875','2014-03-13 18:45:07.662746');
INSERT INTO "scores" VALUES(2110,3637,438,59,'2014-03-13 18:35:39.778635','2014-03-13 18:45:07.830366');
INSERT INTO "scores" VALUES(2111,3637,409,31,'2014-03-13 18:35:40.013198','2014-03-13 18:45:07.987354');
INSERT INTO "scores" VALUES(2112,3637,422,49,'2014-03-13 18:35:40.225450','2014-03-13 18:45:08.134475');
INSERT INTO "scores" VALUES(2113,3637,435,38,'2014-03-13 18:35:40.371942','2014-03-13 18:45:08.279794');
INSERT INTO "scores" VALUES(2114,3637,423,28,'2014-03-13 18:35:40.552700','2014-03-13 18:45:08.413867');
INSERT INTO "scores" VALUES(2115,3637,415,16,'2014-03-13 18:35:40.731133','2014-03-13 18:45:08.626439');
INSERT INTO "scores" VALUES(2116,3637,402,3,'2014-03-13 18:35:40.911042','2014-03-13 18:45:08.805331');
INSERT INTO "scores" VALUES(2117,3637,417,75,'2014-03-13 18:35:41.035030','2014-03-13 18:45:08.950772');
INSERT INTO "scores" VALUES(2118,3638,402,5,'2014-03-13 18:35:41.460541','2014-03-13 18:45:09.096112');
INSERT INTO "scores" VALUES(2119,3638,438,49,'2014-03-13 18:35:41.629415','2014-03-13 18:45:09.275155');
INSERT INTO "scores" VALUES(2120,3638,408,28,'2014-03-13 18:35:41.765371','2014-03-13 18:45:09.542967');
INSERT INTO "scores" VALUES(2121,3638,420,87,'2014-03-13 18:35:41.887601','2014-03-13 18:45:09.677407');
INSERT INTO "scores" VALUES(2122,3638,413,61,'2014-03-13 18:35:42.445996','2014-03-13 18:45:09.802242');
INSERT INTO "scores" VALUES(2123,3638,405,47,'2014-03-13 18:35:42.625778','2014-03-13 18:45:09.914392');
INSERT INTO "scores" VALUES(2124,3638,401,15,'2014-03-13 18:35:42.771335','2014-03-13 18:45:10.093138');
INSERT INTO "scores" VALUES(2125,3638,414,38,'2014-03-13 18:35:42.916858','2014-03-13 18:45:10.283205');
INSERT INTO "scores" VALUES(2126,3639,429,29,'2014-03-13 18:35:43.555462','2014-03-13 18:45:10.428723');
INSERT INTO "scores" VALUES(2127,3639,433,6,'2014-03-13 18:35:43.667516','2014-03-13 18:45:10.574272');
INSERT INTO "scores" VALUES(2128,3639,430,11,'2014-03-13 18:35:43.779717','2014-03-13 18:45:10.741903');
INSERT INTO "scores" VALUES(2129,3639,402,3,'2014-03-13 18:35:44.013725','2014-03-13 18:45:10.942524');
INSERT INTO "scores" VALUES(2130,3639,428,63,'2014-03-13 18:35:44.192116','2014-03-13 18:45:11.066300');
INSERT INTO "scores" VALUES(2131,3639,406,10,'2014-03-13 18:35:44.337896','2014-03-13 18:45:11.189707');
INSERT INTO "scores" VALUES(2132,3639,403,8,'2014-03-13 18:35:44.483511','2014-03-13 18:45:11.303199');
INSERT INTO "scores" VALUES(2133,3639,407,88,'2014-03-13 18:35:44.630233','2014-03-13 18:45:11.448817');
INSERT INTO "scores" VALUES(2134,3640,431,29,'2014-03-13 18:35:44.945000','2014-03-13 18:45:11.594475');
INSERT INTO "scores" VALUES(2135,3640,429,26,'2014-03-13 18:35:45.078843','2014-03-13 18:45:11.739777');
INSERT INTO "scores" VALUES(2136,3640,427,31,'2014-03-13 18:35:45.203091','2014-03-13 18:45:11.885299');
INSERT INTO "scores" VALUES(2137,3640,423,22,'2014-03-13 18:35:45.347803','2014-03-13 18:45:12.085737');
INSERT INTO "scores" VALUES(2138,3640,408,73,'2014-03-13 18:35:45.493768','2014-03-13 18:45:12.232004');
INSERT INTO "scores" VALUES(2139,3640,406,68,'2014-03-13 18:35:45.640166','2014-03-13 18:45:12.377142');
INSERT INTO "scores" VALUES(2140,3640,409,39,'2014-03-13 18:35:45.808213','2014-03-13 18:45:12.500625');
INSERT INTO "scores" VALUES(2141,3640,412,20,'2014-03-13 18:35:45.986143','2014-03-13 18:45:12.623872');
INSERT INTO "scores" VALUES(2142,3641,435,12,'2014-03-13 18:35:46.278598','2014-03-13 18:45:12.748852');
INSERT INTO "scores" VALUES(2143,3641,421,63,'2014-03-13 18:35:46.414415','2014-03-13 18:45:12.905447');
INSERT INTO "scores" VALUES(2144,3641,416,46,'2014-03-13 18:35:46.548822','2014-03-13 18:45:13.061981');
INSERT INTO "scores" VALUES(2145,3641,401,3,'2014-03-13 18:35:46.694605','2014-03-13 18:45:13.218612');
INSERT INTO "scores" VALUES(2146,3641,412,74,'2014-03-13 18:35:46.851185','2014-03-13 18:45:13.364069');
INSERT INTO "scores" VALUES(2147,3641,401,18,'2014-03-13 18:35:47.497067','2014-03-13 18:45:13.520808');
INSERT INTO "scores" VALUES(2148,3641,406,21,'2014-03-13 18:35:48.099839','2014-03-13 18:45:13.677486');
INSERT INTO "scores" VALUES(2149,3641,413,86,'2014-03-13 18:35:48.301124','2014-03-13 18:45:13.889669');
INSERT INTO "scores" VALUES(2150,3642,406,73,'2014-03-13 18:35:48.605112','2014-03-13 18:45:14.124063');
INSERT INTO "scores" VALUES(2151,3642,407,17,'2014-03-13 18:35:48.772814','2014-03-13 18:45:14.303053');
INSERT INTO "scores" VALUES(2152,3642,434,84,'2014-03-13 18:35:48.940519','2014-03-13 18:45:14.437506');
INSERT INTO "scores" VALUES(2153,3642,416,2,'2014-03-13 18:35:49.097399','2014-03-13 18:45:14.617728');
INSERT INTO "scores" VALUES(2154,3642,411,79,'2014-03-13 18:35:49.254074','2014-03-13 18:45:14.840717');
INSERT INTO "scores" VALUES(2155,3642,420,81,'2014-03-13 18:35:49.455295','2014-03-13 18:45:15.008424');
INSERT INTO "scores" VALUES(2156,3642,431,10,'2014-03-13 18:35:49.678600','2014-03-13 18:45:15.164495');
INSERT INTO "scores" VALUES(2157,3642,429,43,'2014-03-13 18:35:49.846188','2014-03-13 18:45:15.366318');
INSERT INTO "scores" VALUES(2158,3643,435,6,'2014-03-13 18:35:50.150497','2014-03-13 18:45:15.557122');
INSERT INTO "scores" VALUES(2159,3643,428,9,'2014-03-13 18:35:50.340343','2014-03-13 18:45:15.780131');
INSERT INTO "scores" VALUES(2160,3643,419,32,'2014-03-13 18:35:50.496754','2014-03-13 18:45:15.936219');
INSERT INTO "scores" VALUES(2161,3643,409,24,'2014-03-13 18:35:50.653744','2014-03-13 18:45:16.186310');
INSERT INTO "scores" VALUES(2162,3643,422,84,'2014-03-13 18:35:50.810658','2014-03-13 18:45:16.376214');
INSERT INTO "scores" VALUES(2163,3643,415,45,'2014-03-13 18:35:50.967069','2014-03-13 18:45:16.544247');
INSERT INTO "scores" VALUES(2164,3643,402,75,'2014-03-13 18:35:51.123975','2014-03-13 18:45:16.700825');
INSERT INTO "scores" VALUES(2165,3643,407,25,'2014-03-13 18:35:51.280722','2014-03-13 18:45:16.857564');
INSERT INTO "scores" VALUES(2166,3644,408,38,'2014-03-13 18:35:51.617421','2014-03-13 18:45:17.469968');
INSERT INTO "scores" VALUES(2167,3644,414,75,'2014-03-13 18:35:51.796733','2014-03-13 18:45:17.603613');
INSERT INTO "scores" VALUES(2168,3644,420,52,'2014-03-13 18:35:51.953208','2014-03-13 18:45:17.738329');
INSERT INTO "scores" VALUES(2169,3644,431,16,'2014-03-13 18:35:52.188240','2014-03-13 18:45:17.894488');
INSERT INTO "scores" VALUES(2170,3644,425,73,'2014-03-13 18:35:52.389446','2014-03-13 18:45:18.030519');
INSERT INTO "scores" VALUES(2171,3644,405,85,'2014-03-13 18:35:52.535043','2014-03-13 18:45:18.176535');
INSERT INTO "scores" VALUES(2172,3644,428,87,'2014-03-13 18:35:52.701318','2014-03-13 18:45:18.321477');
INSERT INTO "scores" VALUES(2173,3644,416,69,'2014-03-13 18:35:52.849269','2014-03-13 18:45:18.500096');
INSERT INTO "scores" VALUES(2174,3645,436,89,'2014-03-13 18:35:53.108539','2014-03-13 18:45:18.690770');
INSERT INTO "scores" VALUES(2175,3645,415,78,'2014-03-13 18:35:53.254090','2014-03-13 18:45:18.803113');
INSERT INTO "scores" VALUES(2176,3645,418,53,'2014-03-13 18:35:53.399874','2014-03-13 18:45:18.926256');
INSERT INTO "scores" VALUES(2177,3645,402,88,'2014-03-13 18:35:53.556397','2014-03-13 18:45:19.266060');
INSERT INTO "scores" VALUES(2178,3645,435,17,'2014-03-13 18:35:53.723852','2014-03-13 18:45:19.462899');
INSERT INTO "scores" VALUES(2179,3645,424,19,'2014-03-13 18:35:53.892106','2014-03-13 18:45:19.619227');
INSERT INTO "scores" VALUES(2180,3645,413,2,'2014-03-13 18:35:54.037808','2014-03-13 18:45:19.744304');
INSERT INTO "scores" VALUES(2181,3645,407,65,'2014-03-13 18:35:54.183439','2014-03-13 18:45:19.890097');
INSERT INTO "scores" VALUES(2182,3646,426,46,'2014-03-13 18:35:54.452357','2014-03-13 18:45:20.024311');
INSERT INTO "scores" VALUES(2183,3646,431,88,'2014-03-13 18:35:54.599311','2014-03-13 18:45:20.169918');
INSERT INTO "scores" VALUES(2184,3646,421,63,'2014-03-13 18:35:54.745062','2014-03-13 18:45:20.371262');
INSERT INTO "scores" VALUES(2185,3646,405,12,'2014-03-13 18:35:54.968255','2014-03-13 18:45:20.550194');
INSERT INTO "scores" VALUES(2186,3646,440,86,'2014-03-13 18:35:55.169682','2014-03-13 18:45:20.695642');
INSERT INTO "scores" VALUES(2187,3646,417,75,'2014-03-13 18:35:55.315125','2014-03-13 18:45:20.840688');
INSERT INTO "scores" VALUES(2188,3646,408,90,'2014-03-13 18:35:55.460962','2014-03-13 18:45:21.019901');
INSERT INTO "scores" VALUES(2189,3646,401,49,'2014-03-13 18:35:55.595363','2014-03-13 18:45:21.188740');
INSERT INTO "scores" VALUES(2190,3647,426,83,'2014-03-13 18:35:55.908839','2014-03-13 18:45:21.367959');
INSERT INTO "scores" VALUES(2191,3647,403,32,'2014-03-13 18:35:56.033712','2014-03-13 18:45:21.491296');
INSERT INTO "scores" VALUES(2192,3647,423,61,'2014-03-13 18:35:56.168059','2014-03-13 18:45:21.603369');
INSERT INTO "scores" VALUES(2193,3647,431,8,'2014-03-13 18:35:56.314008','2014-03-13 18:45:21.759363');
INSERT INTO "scores" VALUES(2194,3647,432,2,'2014-03-13 18:35:56.459497','2014-03-13 18:45:21.905758');
INSERT INTO "scores" VALUES(2195,3647,402,70,'2014-03-13 18:35:56.605253','2014-03-13 18:45:22.162363');
INSERT INTO "scores" VALUES(2196,3647,418,55,'2014-03-13 18:35:56.761934','2014-03-13 18:45:22.307805');
INSERT INTO "scores" VALUES(2197,3647,431,38,'2014-03-13 18:35:56.983870','2014-03-13 18:45:22.453333');
INSERT INTO "scores" VALUES(2198,3648,416,48,'2014-03-13 18:35:57.533384','2014-03-13 18:45:22.598791');
INSERT INTO "scores" VALUES(2199,3648,433,63,'2014-03-13 18:35:57.745411','2014-03-13 18:45:22.801485');
INSERT INTO "scores" VALUES(2200,3648,412,28,'2014-03-13 18:35:57.914748','2014-03-13 18:45:22.980466');
INSERT INTO "scores" VALUES(2201,3648,430,87,'2014-03-13 18:35:58.083281','2014-03-13 18:45:23.092780');
INSERT INTO "scores" VALUES(2202,3648,417,28,'2014-03-13 18:35:58.340538','2014-03-13 18:45:23.216124');
INSERT INTO "scores" VALUES(2203,3648,416,2,'2014-03-13 18:35:58.486506','2014-03-13 18:45:23.339353');
INSERT INTO "scores" VALUES(2204,3648,434,67,'2014-03-13 18:35:58.687309','2014-03-13 18:45:23.462736');
INSERT INTO "scores" VALUES(2205,3648,408,23,'2014-03-13 18:35:58.911614','2014-03-13 18:45:23.630455');
INSERT INTO "scores" VALUES(2206,3649,434,12,'2014-03-13 18:35:59.205096','2014-03-13 18:45:23.820232');
INSERT INTO "scores" VALUES(2207,3649,412,48,'2014-03-13 18:35:59.382715','2014-03-13 18:45:23.965993');
INSERT INTO "scores" VALUES(2208,3649,427,24,'2014-03-13 18:35:59.563166','2014-03-13 18:45:24.111353');
INSERT INTO "scores" VALUES(2209,3649,413,22,'2014-03-13 18:35:59.730671','2014-03-13 18:45:24.381664');
INSERT INTO "scores" VALUES(2210,3649,418,11,'2014-03-13 18:35:59.876395','2014-03-13 18:45:24.526976');
INSERT INTO "scores" VALUES(2211,3649,403,28,'2014-03-13 18:35:59.999784','2014-03-13 18:45:24.649879');
INSERT INTO "scores" VALUES(2212,3649,406,81,'2014-03-13 18:36:00.211876','2014-03-13 18:45:24.864772');
INSERT INTO "scores" VALUES(2213,3649,414,26,'2014-03-13 18:36:00.368838','2014-03-13 18:45:25.043689');
INSERT INTO "scores" VALUES(2214,3650,440,10,'2014-03-13 18:36:00.671312','2014-03-13 18:45:25.211346');
INSERT INTO "scores" VALUES(2215,3650,401,17,'2014-03-13 18:36:00.862649','2014-03-13 18:45:25.356730');
INSERT INTO "scores" VALUES(2216,3650,414,27,'2014-03-13 18:36:01.030630','2014-03-13 18:45:25.491243');
INSERT INTO "scores" VALUES(2217,3650,431,58,'2014-03-13 18:36:01.198263','2014-03-13 18:45:25.660520');
INSERT INTO "scores" VALUES(2218,3650,430,18,'2014-03-13 18:36:01.344264','2014-03-13 18:45:25.838892');
INSERT INTO "scores" VALUES(2219,3650,429,35,'2014-03-13 18:36:01.456934','2014-03-13 18:45:25.995625');
INSERT INTO "scores" VALUES(2220,3650,417,77,'2014-03-13 18:36:01.647263','2014-03-13 18:45:26.152825');
INSERT INTO "scores" VALUES(2221,3650,417,46,'2014-03-13 18:36:01.825988','2014-03-13 18:45:26.276257');
INSERT INTO "scores" VALUES(2222,3651,428,33,'2014-03-13 18:36:02.818133','2014-03-13 18:45:26.455036');
INSERT INTO "scores" VALUES(2223,3651,432,48,'2014-03-13 18:36:02.987789','2014-03-13 18:45:26.644882');
INSERT INTO "scores" VALUES(2224,3651,437,17,'2014-03-13 18:36:03.122322','2014-03-13 18:45:26.834862');
INSERT INTO "scores" VALUES(2225,3651,436,60,'2014-03-13 18:36:03.278874','2014-03-13 18:45:26.969513');
INSERT INTO "scores" VALUES(2226,3651,406,41,'2014-03-13 18:36:03.502567','2014-03-13 18:45:27.159458');
INSERT INTO "scores" VALUES(2227,3651,404,77,'2014-03-13 18:36:03.636635','2014-03-13 18:45:27.350784');
INSERT INTO "scores" VALUES(2228,3651,412,33,'2014-03-13 18:36:03.782622','2014-03-13 18:45:27.485304');
INSERT INTO "scores" VALUES(2229,3651,424,10,'2014-03-13 18:36:03.951944','2014-03-13 18:45:27.619647');
INSERT INTO "scores" VALUES(2230,3652,406,86,'2014-03-13 18:36:04.321281','2014-03-13 18:45:27.776313');
INSERT INTO "scores" VALUES(2231,3652,421,87,'2014-03-13 18:36:04.477985','2014-03-13 18:45:27.999567');
INSERT INTO "scores" VALUES(2232,3652,403,37,'2014-03-13 18:36:04.634823','2014-03-13 18:45:28.167447');
INSERT INTO "scores" VALUES(2233,3652,434,17,'2014-03-13 18:36:04.802099','2014-03-13 18:45:28.346508');
INSERT INTO "scores" VALUES(2234,3652,403,90,'2014-03-13 18:36:04.937153','2014-03-13 18:45:28.514442');
INSERT INTO "scores" VALUES(2235,3652,423,15,'2014-03-13 18:36:05.082317','2014-03-13 18:45:28.704133');
INSERT INTO "scores" VALUES(2236,3652,410,16,'2014-03-13 18:36:05.217302','2014-03-13 18:45:28.871705');
INSERT INTO "scores" VALUES(2237,3652,426,51,'2014-03-13 18:36:05.374992','2014-03-13 18:45:29.007654');
INSERT INTO "scores" VALUES(2238,3653,415,11,'2014-03-13 18:36:05.677603','2014-03-13 18:45:29.142192');
INSERT INTO "scores" VALUES(2239,3653,405,54,'2014-03-13 18:36:05.833173','2014-03-13 18:45:29.310250');
INSERT INTO "scores" VALUES(2240,3653,418,81,'2014-03-13 18:36:06.002036','2014-03-13 18:45:29.466915');
INSERT INTO "scores" VALUES(2241,3653,428,51,'2014-03-13 18:36:06.147669','2014-03-13 18:45:29.612385');
INSERT INTO "scores" VALUES(2242,3653,436,67,'2014-03-13 18:36:06.271263','2014-03-13 18:45:29.746807');
INSERT INTO "scores" VALUES(2243,3653,428,73,'2014-03-13 18:36:06.394413','2014-03-13 18:45:29.970141');
INSERT INTO "scores" VALUES(2244,3653,407,11,'2014-03-13 18:36:06.562692','2014-03-13 18:45:30.148505');
INSERT INTO "scores" VALUES(2245,3653,424,32,'2014-03-13 18:36:06.763029','2014-03-13 18:45:30.306047');
INSERT INTO "scores" VALUES(2246,3654,425,72,'2014-03-13 18:36:07.478909','2014-03-13 18:45:30.440361');
INSERT INTO "scores" VALUES(2247,3654,412,27,'2014-03-13 18:36:07.691381','2014-03-13 18:45:30.587322');
INSERT INTO "scores" VALUES(2248,3654,438,42,'2014-03-13 18:36:07.858254','2014-03-13 18:45:30.732773');
INSERT INTO "scores" VALUES(2249,3654,433,3,'2014-03-13 18:36:07.982191','2014-03-13 18:45:30.900621');
INSERT INTO "scores" VALUES(2250,3654,417,50,'2014-03-13 18:36:08.105783','2014-03-13 18:45:31.046220');
INSERT INTO "scores" VALUES(2251,3654,438,62,'2014-03-13 18:36:08.251401','2014-03-13 18:45:31.191386');
INSERT INTO "scores" VALUES(2252,3654,403,50,'2014-03-13 18:36:08.452523','2014-03-13 18:45:31.359546');
INSERT INTO "scores" VALUES(2253,3654,403,89,'2014-03-13 18:36:08.598323','2014-03-13 18:45:31.571782');
INSERT INTO "scores" VALUES(2254,3655,428,67,'2014-03-13 18:36:08.946609','2014-03-13 18:45:31.717373');
INSERT INTO "scores" VALUES(2255,3655,418,55,'2014-03-13 18:36:09.207964','2014-03-13 18:45:31.862774');
INSERT INTO "scores" VALUES(2256,3655,406,57,'2014-03-13 18:36:09.371419','2014-03-13 18:45:32.507860');
INSERT INTO "scores" VALUES(2257,3655,416,49,'2014-03-13 18:36:09.495185','2014-03-13 18:45:32.711767');
INSERT INTO "scores" VALUES(2258,3655,418,48,'2014-03-13 18:36:09.651624','2014-03-13 18:45:32.846343');
INSERT INTO "scores" VALUES(2259,3655,431,88,'2014-03-13 18:36:09.864188','2014-03-13 18:45:32.980632');
INSERT INTO "scores" VALUES(2260,3655,408,46,'2014-03-13 18:36:10.020906','2014-03-13 18:45:33.148318');
INSERT INTO "scores" VALUES(2261,3655,435,36,'2014-03-13 18:36:10.155552','2014-03-13 18:45:33.338326');
INSERT INTO "scores" VALUES(2262,3656,426,38,'2014-03-13 18:36:10.526085','2014-03-13 18:45:33.494981');
INSERT INTO "scores" VALUES(2263,3656,409,35,'2014-03-13 18:36:10.682746','2014-03-13 18:45:33.629207');
INSERT INTO "scores" VALUES(2264,3656,419,72,'2014-03-13 18:36:10.828188','2014-03-13 18:45:33.763065');
INSERT INTO "scores" VALUES(2265,3656,407,18,'2014-03-13 18:36:10.951653','2014-03-13 18:45:33.887220');
INSERT INTO "scores" VALUES(2266,3656,405,29,'2014-03-13 18:36:11.075244','2014-03-13 18:45:34.023031');
INSERT INTO "scores" VALUES(2267,3656,417,6,'2014-03-13 18:36:11.209651','2014-03-13 18:45:34.157521');
INSERT INTO "scores" VALUES(2268,3656,417,70,'2014-03-13 18:36:11.415576','2014-03-13 18:45:34.291881');
INSERT INTO "scores" VALUES(2269,3656,412,13,'2014-03-13 18:36:11.567121','2014-03-13 18:45:34.437296');
INSERT INTO "scores" VALUES(2270,3657,422,12,'2014-03-13 18:36:11.860172','2014-03-13 18:45:34.582742');
INSERT INTO "scores" VALUES(2271,3657,418,50,'2014-03-13 18:36:12.150842','2014-03-13 18:45:34.728220');
INSERT INTO "scores" VALUES(2272,3657,422,61,'2014-03-13 18:36:12.296490','2014-03-13 18:45:34.873997');
INSERT INTO "scores" VALUES(2273,3657,433,31,'2014-03-13 18:36:12.442265','2014-03-13 18:45:34.997234');
INSERT INTO "scores" VALUES(2274,3657,415,40,'2014-03-13 18:36:12.587751','2014-03-13 18:45:35.120488');
INSERT INTO "scores" VALUES(2275,3657,412,70,'2014-03-13 18:36:12.733304','2014-03-13 18:45:35.288754');
INSERT INTO "scores" VALUES(2276,3657,417,26,'2014-03-13 18:36:12.879021','2014-03-13 18:45:35.425093');
INSERT INTO "scores" VALUES(2277,3657,430,69,'2014-03-13 18:36:13.035630','2014-03-13 18:45:35.603664');
INSERT INTO "scores" VALUES(2278,3658,404,16,'2014-03-13 18:36:13.428324','2014-03-13 18:45:35.804411');
INSERT INTO "scores" VALUES(2279,3658,437,64,'2014-03-13 18:36:13.573788','2014-03-13 18:45:35.949676');
INSERT INTO "scores" VALUES(2280,3658,422,43,'2014-03-13 18:36:13.708630','2014-03-13 18:45:36.117975');
INSERT INTO "scores" VALUES(2281,3658,409,70,'2014-03-13 18:36:13.842571','2014-03-13 18:45:36.252412');
INSERT INTO "scores" VALUES(2282,3658,405,15,'2014-03-13 18:36:14.044084','2014-03-13 18:45:36.544441');
INSERT INTO "scores" VALUES(2283,3658,431,3,'2014-03-13 18:36:14.200471','2014-03-13 18:45:36.702770');
INSERT INTO "scores" VALUES(2284,3658,432,75,'2014-03-13 18:36:14.357308','2014-03-13 18:45:36.859405');
INSERT INTO "scores" VALUES(2285,3658,432,33,'2014-03-13 18:36:14.558555','2014-03-13 18:45:37.774652');
INSERT INTO "scores" VALUES(2286,3659,432,32,'2014-03-13 18:36:14.895873','2014-03-13 18:45:37.908680');
INSERT INTO "scores" VALUES(2287,3659,428,6,'2014-03-13 18:36:15.052300','2014-03-13 18:45:38.099210');
INSERT INTO "scores" VALUES(2288,3659,428,48,'2014-03-13 18:36:15.186842','2014-03-13 18:45:38.233865');
INSERT INTO "scores" VALUES(2289,3659,403,1,'2014-03-13 18:36:15.376908','2014-03-13 18:45:38.424081');
INSERT INTO "scores" VALUES(2290,3659,438,47,'2014-03-13 18:36:15.600358','2014-03-13 18:45:38.625427');
INSERT INTO "scores" VALUES(2291,3659,408,67,'2014-03-13 18:36:15.768228','2014-03-13 18:45:38.850328');
INSERT INTO "scores" VALUES(2292,3659,407,4,'2014-03-13 18:36:15.945880','2014-03-13 18:45:39.029107');
INSERT INTO "scores" VALUES(2293,3659,429,60,'2014-03-13 18:36:16.147584','2014-03-13 18:45:39.185672');
INSERT INTO "scores" VALUES(2294,3660,436,79,'2014-03-13 18:36:16.484480','2014-03-13 18:45:39.364557');
INSERT INTO "scores" VALUES(2295,3660,427,80,'2014-03-13 18:36:16.640905','2014-03-13 18:45:39.554842');
INSERT INTO "scores" VALUES(2296,3660,414,12,'2014-03-13 18:36:16.898430','2014-03-13 18:45:39.711296');
INSERT INTO "scores" VALUES(2297,3660,406,25,'2014-03-13 18:36:17.413399','2014-03-13 18:45:39.845392');
INSERT INTO "scores" VALUES(2298,3660,417,7,'2014-03-13 18:36:17.570540','2014-03-13 18:45:40.002246');
INSERT INTO "scores" VALUES(2299,3660,435,39,'2014-03-13 18:36:17.727136','2014-03-13 18:45:40.192213');
INSERT INTO "scores" VALUES(2300,3660,416,7,'2014-03-13 18:36:17.882645','2014-03-13 18:45:40.404360');
INSERT INTO "scores" VALUES(2301,3660,430,11,'2014-03-13 18:36:18.042225','2014-03-13 18:45:40.562372');
INSERT INTO "scores" VALUES(2302,3661,404,7,'2014-03-13 18:36:18.433685','2014-03-13 18:45:40.719077');
INSERT INTO "scores" VALUES(2303,3661,403,8,'2014-03-13 18:36:18.579027','2014-03-13 18:45:40.864725');
INSERT INTO "scores" VALUES(2304,3661,420,7,'2014-03-13 18:36:18.735902','2014-03-13 18:45:40.999036');
INSERT INTO "scores" VALUES(2305,3661,402,68,'2014-03-13 18:36:18.947777','2014-03-13 18:45:41.144681');
INSERT INTO "scores" VALUES(2306,3661,439,18,'2014-03-13 18:36:19.149419','2014-03-13 18:45:41.301639');
INSERT INTO "scores" VALUES(2307,3661,418,57,'2014-03-13 18:36:19.317253','2014-03-13 18:45:41.568460');
INSERT INTO "scores" VALUES(2308,3661,431,10,'2014-03-13 18:36:19.473979','2014-03-13 18:45:41.725890');
INSERT INTO "scores" VALUES(2309,3661,434,26,'2014-03-13 18:36:19.676485','2014-03-13 18:45:41.882558');
INSERT INTO "scores" VALUES(2310,3662,434,6,'2014-03-13 18:36:20.034577','2014-03-13 18:45:42.152070');
INSERT INTO "scores" VALUES(2311,3662,428,21,'2014-03-13 18:36:20.157901','2014-03-13 18:45:42.330936');
INSERT INTO "scores" VALUES(2312,3662,406,77,'2014-03-13 18:36:20.281299','2014-03-13 18:45:42.465336');
INSERT INTO "scores" VALUES(2313,3662,426,57,'2014-03-13 18:36:20.493598','2014-03-13 18:45:42.621979');
INSERT INTO "scores" VALUES(2314,3662,424,26,'2014-03-13 18:36:20.650470','2014-03-13 18:45:42.767194');
INSERT INTO "scores" VALUES(2315,3662,434,68,'2014-03-13 18:36:20.784916','2014-03-13 18:45:42.912665');
INSERT INTO "scores" VALUES(2316,3662,432,3,'2014-03-13 18:36:20.929950','2014-03-13 18:45:43.068888');
INSERT INTO "scores" VALUES(2317,3662,420,72,'2014-03-13 18:36:21.087145','2014-03-13 18:45:43.226237');
INSERT INTO "scores" VALUES(2318,3663,411,56,'2014-03-13 18:36:21.446765','2014-03-13 18:45:43.382348');
INSERT INTO "scores" VALUES(2319,3663,424,35,'2014-03-13 18:36:21.592196','2014-03-13 18:45:43.540019');
INSERT INTO "scores" VALUES(2320,3663,440,45,'2014-03-13 18:36:21.738408','2014-03-13 18:45:43.684367');
INSERT INTO "scores" VALUES(2321,3663,402,59,'2014-03-13 18:36:21.940245','2014-03-13 18:45:43.809108');
INSERT INTO "scores" VALUES(2322,3663,429,84,'2014-03-13 18:36:22.152937','2014-03-13 18:45:43.932343');
INSERT INTO "scores" VALUES(2323,3663,418,90,'2014-03-13 18:36:22.298804','2014-03-13 18:45:44.056044');
INSERT INTO "scores" VALUES(2324,3663,440,71,'2014-03-13 18:36:22.433152','2014-03-13 18:45:44.191243');
INSERT INTO "scores" VALUES(2325,3663,432,19,'2014-03-13 18:36:22.681278','2014-03-13 18:45:44.369038');
INSERT INTO "scores" VALUES(2326,3664,409,6,'2014-03-13 18:36:23.062026','2014-03-13 18:45:44.592898');
INSERT INTO "scores" VALUES(2327,3664,433,68,'2014-03-13 18:36:23.218465','2014-03-13 18:45:44.804552');
INSERT INTO "scores" VALUES(2328,3664,426,69,'2014-03-13 18:36:23.375271','2014-03-13 18:45:44.962573');
INSERT INTO "scores" VALUES(2329,3664,428,55,'2014-03-13 18:36:23.531944','2014-03-13 18:45:45.330040');
INSERT INTO "scores" VALUES(2330,3664,428,78,'2014-03-13 18:36:23.688768','2014-03-13 18:45:45.566965');
INSERT INTO "scores" VALUES(2331,3664,428,41,'2014-03-13 18:36:23.856592','2014-03-13 18:45:45.701861');
INSERT INTO "scores" VALUES(2332,3664,436,8,'2014-03-13 18:36:24.025606','2014-03-13 18:45:45.869670');
INSERT INTO "scores" VALUES(2333,3664,418,69,'2014-03-13 18:36:24.248412','2014-03-13 18:45:46.049410');
INSERT INTO "scores" VALUES(2334,3665,423,57,'2014-03-13 18:36:24.551002','2014-03-13 18:45:46.272578');
INSERT INTO "scores" VALUES(2335,3665,435,18,'2014-03-13 18:36:24.730087','2014-03-13 18:45:46.429388');
INSERT INTO "scores" VALUES(2336,3665,439,23,'2014-03-13 18:36:24.954534','2014-03-13 18:45:46.585691');
INSERT INTO "scores" VALUES(2337,3665,438,61,'2014-03-13 18:36:25.122534','2014-03-13 18:45:46.809215');
INSERT INTO "scores" VALUES(2338,3665,409,52,'2014-03-13 18:36:25.279363','2014-03-13 18:45:47.128029');
INSERT INTO "scores" VALUES(2339,3665,415,73,'2014-03-13 18:36:25.436148','2014-03-13 18:45:47.279659');
INSERT INTO "scores" VALUES(2340,3665,423,44,'2014-03-13 18:36:25.572172','2014-03-13 18:45:47.414172');
INSERT INTO "scores" VALUES(2341,3665,424,85,'2014-03-13 18:36:25.706727','2014-03-13 18:45:47.603987');
INSERT INTO "scores" VALUES(2342,3666,417,49,'2014-03-13 18:36:25.986947','2014-03-13 18:45:47.850308');
INSERT INTO "scores" VALUES(2343,3666,409,44,'2014-03-13 18:36:26.177820','2014-03-13 18:45:48.084220');
INSERT INTO "scores" VALUES(2344,3666,406,69,'2014-03-13 18:36:26.335286','2014-03-13 18:45:48.252332');
INSERT INTO "scores" VALUES(2345,3666,408,34,'2014-03-13 18:36:26.491972','2014-03-13 18:45:48.408848');
INSERT INTO "scores" VALUES(2346,3666,425,47,'2014-03-13 18:36:26.672621','2014-03-13 18:45:48.565666');
INSERT INTO "scores" VALUES(2347,3666,417,31,'2014-03-13 18:36:26.807102','2014-03-13 18:45:48.700019');
INSERT INTO "scores" VALUES(2348,3666,425,45,'2014-03-13 18:36:26.941535','2014-03-13 18:45:48.858101');
INSERT INTO "scores" VALUES(2349,3666,415,8,'2014-03-13 18:36:27.076151','2014-03-13 18:45:49.059131');
INSERT INTO "scores" VALUES(2350,3667,431,83,'2014-03-13 18:36:27.400801','2014-03-13 18:45:49.260169');
INSERT INTO "scores" VALUES(2351,3667,423,70,'2014-03-13 18:36:27.624097','2014-03-13 18:45:49.416791');
INSERT INTO "scores" VALUES(2352,3667,430,49,'2014-03-13 18:36:27.791988','2014-03-13 18:45:49.595749');
INSERT INTO "scores" VALUES(2353,3667,412,4,'2014-03-13 18:36:27.948500','2014-03-13 18:45:49.796773');
INSERT INTO "scores" VALUES(2354,3667,437,24,'2014-03-13 18:36:28.105683','2014-03-13 18:45:49.986798');
INSERT INTO "scores" VALUES(2355,3667,406,30,'2014-03-13 18:36:28.297272','2014-03-13 18:45:50.143453');
INSERT INTO "scores" VALUES(2356,3667,402,16,'2014-03-13 18:36:28.487279','2014-03-13 18:45:50.301054');
INSERT INTO "scores" VALUES(2357,3667,421,42,'2014-03-13 18:36:28.644042','2014-03-13 18:45:50.503591');
INSERT INTO "scores" VALUES(2358,3668,440,12,'2014-03-13 18:36:28.957464','2014-03-13 18:45:50.715470');
INSERT INTO "scores" VALUES(2359,3668,412,28,'2014-03-13 18:36:29.114155','2014-03-13 18:45:50.872266');
INSERT INTO "scores" VALUES(2360,3668,414,30,'2014-03-13 18:36:29.270942','2014-03-13 18:45:51.028925');
INSERT INTO "scores" VALUES(2361,3668,435,30,'2014-03-13 18:36:29.427578','2014-03-13 18:45:51.241165');
INSERT INTO "scores" VALUES(2362,3668,435,35,'2014-03-13 18:36:29.573274','2014-03-13 18:45:51.419933');
INSERT INTO "scores" VALUES(2363,3668,423,25,'2014-03-13 18:36:29.775805','2014-03-13 18:45:51.576678');
INSERT INTO "scores" VALUES(2364,3668,418,17,'2014-03-13 18:36:29.988194','2014-03-13 18:45:51.721719');
INSERT INTO "scores" VALUES(2365,3668,438,6,'2014-03-13 18:36:30.144804','2014-03-13 18:45:51.945202');
INSERT INTO "scores" VALUES(2366,3669,415,60,'2014-03-13 18:36:30.591884','2014-03-13 18:45:52.168656');
INSERT INTO "scores" VALUES(2367,3669,402,1,'2014-03-13 18:36:30.748186','2014-03-13 18:45:52.304950');
INSERT INTO "scores" VALUES(2368,3669,406,28,'2014-03-13 18:36:30.905333','2014-03-13 18:45:52.461681');
INSERT INTO "scores" VALUES(2369,3669,429,42,'2014-03-13 18:36:31.072807','2014-03-13 18:45:52.662787');
INSERT INTO "scores" VALUES(2370,3669,415,12,'2014-03-13 18:36:31.252018','2014-03-13 18:45:52.863681');
INSERT INTO "scores" VALUES(2371,3669,417,81,'2014-03-13 18:36:31.399170','2014-03-13 18:45:53.020324');
INSERT INTO "scores" VALUES(2372,3669,414,29,'2014-03-13 18:36:31.555843','2014-03-13 18:45:53.176751');
INSERT INTO "scores" VALUES(2373,3669,412,83,'2014-03-13 18:36:31.712617','2014-03-13 18:45:53.355919');
INSERT INTO "scores" VALUES(2374,3670,421,78,'2014-03-13 18:36:32.037635','2014-03-13 18:45:53.545851');
INSERT INTO "scores" VALUES(2375,3670,426,3,'2014-03-13 18:36:32.239026','2014-03-13 18:45:53.679889');
INSERT INTO "scores" VALUES(2376,3670,428,11,'2014-03-13 18:36:32.395690','2014-03-13 18:45:53.814686');
INSERT INTO "scores" VALUES(2377,3670,410,20,'2014-03-13 18:36:32.608253','2014-03-13 18:45:53.971176');
INSERT INTO "scores" VALUES(2378,3670,409,29,'2014-03-13 18:36:32.776698','2014-03-13 18:45:54.195792');
INSERT INTO "scores" VALUES(2379,3670,403,87,'2014-03-13 18:36:32.934939','2014-03-13 18:45:54.374769');
INSERT INTO "scores" VALUES(2380,3670,419,69,'2014-03-13 18:36:33.091552','2014-03-13 18:45:54.531612');
INSERT INTO "scores" VALUES(2381,3670,416,41,'2014-03-13 18:36:33.247827','2014-03-13 18:45:54.687898');
INSERT INTO "scores" VALUES(2382,3671,406,15,'2014-03-13 18:36:33.683965','2014-03-13 18:45:54.889245');
INSERT INTO "scores" VALUES(2383,3671,429,3,'2014-03-13 18:36:33.840252','2014-03-13 18:45:55.090366');
INSERT INTO "scores" VALUES(2384,3671,422,87,'2014-03-13 18:36:34.019500','2014-03-13 18:45:55.235716');
INSERT INTO "scores" VALUES(2385,3671,437,16,'2014-03-13 18:36:34.220713','2014-03-13 18:45:55.392437');
INSERT INTO "scores" VALUES(2386,3671,425,50,'2014-03-13 18:36:34.366453','2014-03-13 18:45:55.526853');
INSERT INTO "scores" VALUES(2387,3671,407,76,'2014-03-13 18:36:34.513401','2014-03-13 18:45:55.683349');
INSERT INTO "scores" VALUES(2388,3671,414,45,'2014-03-13 18:36:34.681360','2014-03-13 18:45:55.841492');
INSERT INTO "scores" VALUES(2389,3671,431,61,'2014-03-13 18:36:34.893640','2014-03-13 18:45:56.009565');
INSERT INTO "scores" VALUES(2390,3672,420,57,'2014-03-13 18:36:35.228231','2014-03-13 18:45:56.445340');
INSERT INTO "scores" VALUES(2391,3672,424,52,'2014-03-13 18:36:35.386082','2014-03-13 18:45:56.602174');
INSERT INTO "scores" VALUES(2392,3672,407,42,'2014-03-13 18:36:35.620957','2014-03-13 18:45:56.736195');
INSERT INTO "scores" VALUES(2393,3672,409,53,'2014-03-13 18:36:35.888097','2014-03-13 18:45:56.870806');
INSERT INTO "scores" VALUES(2394,3672,421,28,'2014-03-13 18:36:36.023322','2014-03-13 18:45:57.216205');
INSERT INTO "scores" VALUES(2395,3672,412,30,'2014-03-13 18:36:36.181776','2014-03-13 18:45:57.406477');
INSERT INTO "scores" VALUES(2396,3672,423,28,'2014-03-13 18:36:36.382874','2014-03-13 18:45:57.562985');
INSERT INTO "scores" VALUES(2397,3672,417,51,'2014-03-13 18:36:36.606298','2014-03-13 18:45:57.721010');
INSERT INTO "scores" VALUES(2398,3673,419,46,'2014-03-13 18:36:36.919801','2014-03-13 18:45:57.877830');
INSERT INTO "scores" VALUES(2399,3673,425,1,'2014-03-13 18:36:37.154232','2014-03-13 18:45:58.089995');
INSERT INTO "scores" VALUES(2400,3673,437,41,'2014-03-13 18:36:37.354577','2014-03-13 18:45:58.290828');
INSERT INTO "scores" VALUES(2401,3673,435,4,'2014-03-13 18:36:37.534697','2014-03-13 18:45:58.425391');
INSERT INTO "scores" VALUES(2402,3673,430,70,'2014-03-13 18:36:37.669270','2014-03-13 18:45:58.559663');
INSERT INTO "scores" VALUES(2403,3673,413,65,'2014-03-13 18:36:37.905094','2014-03-13 18:45:58.705002');
INSERT INTO "scores" VALUES(2404,3673,424,52,'2014-03-13 18:36:38.094023','2014-03-13 18:45:58.872824');
INSERT INTO "scores" VALUES(2405,3673,423,75,'2014-03-13 18:36:38.251793','2014-03-13 18:45:59.051784');
INSERT INTO "scores" VALUES(2406,3674,423,3,'2014-03-13 18:36:38.598841','2014-03-13 18:45:59.207649');
INSERT INTO "scores" VALUES(2407,3674,423,86,'2014-03-13 18:36:38.832557','2014-03-13 18:45:59.388716');
INSERT INTO "scores" VALUES(2408,3674,402,87,'2014-03-13 18:36:38.989890','2014-03-13 18:45:59.612031');
INSERT INTO "scores" VALUES(2409,3674,434,19,'2014-03-13 18:36:39.146775','2014-03-13 18:45:59.767715');
INSERT INTO "scores" VALUES(2410,3674,409,5,'2014-03-13 18:36:39.347770','2014-03-13 18:45:59.925040');
INSERT INTO "scores" VALUES(2411,3674,431,70,'2014-03-13 18:36:39.615568','2014-03-13 18:46:00.070800');
INSERT INTO "scores" VALUES(2412,3674,419,41,'2014-03-13 18:36:39.773877','2014-03-13 18:46:00.271965');
INSERT INTO "scores" VALUES(2413,3674,439,7,'2014-03-13 18:36:39.930286','2014-03-13 18:46:00.439712');
INSERT INTO "scores" VALUES(2414,3675,418,86,'2014-03-13 18:36:40.221835','2014-03-13 18:46:00.595646');
INSERT INTO "scores" VALUES(2415,3675,439,85,'2014-03-13 18:36:40.389607','2014-03-13 18:46:00.752315');
INSERT INTO "scores" VALUES(2416,3675,427,37,'2014-03-13 18:36:40.568497','2014-03-13 18:46:00.931538');
INSERT INTO "scores" VALUES(2417,3675,414,73,'2014-03-13 18:36:40.768759','2014-03-13 18:46:01.123252');
INSERT INTO "scores" VALUES(2418,3675,431,56,'2014-03-13 18:36:40.926150','2014-03-13 18:46:01.279802');
INSERT INTO "scores" VALUES(2419,3675,401,26,'2014-03-13 18:36:41.094504','2014-03-13 18:46:01.414386');
INSERT INTO "scores" VALUES(2420,3675,407,15,'2014-03-13 18:36:41.286168','2014-03-13 18:46:01.582083');
INSERT INTO "scores" VALUES(2421,3675,420,22,'2014-03-13 18:36:41.498432','2014-03-13 18:46:01.849922');
INSERT INTO "scores" VALUES(2422,3676,430,15,'2014-03-13 18:36:41.845368','2014-03-13 18:46:02.006451');
INSERT INTO "scores" VALUES(2423,3676,407,88,'2014-03-13 18:36:42.045933','2014-03-13 18:46:02.175131');
INSERT INTO "scores" VALUES(2424,3676,407,3,'2014-03-13 18:36:42.372243','2014-03-13 18:46:02.387251');
INSERT INTO "scores" VALUES(2425,3676,440,58,'2014-03-13 18:36:42.551296','2014-03-13 18:46:02.655156');
INSERT INTO "scores" VALUES(2426,3676,411,39,'2014-03-13 18:36:42.776041','2014-03-13 18:46:02.811664');
INSERT INTO "scores" VALUES(2427,3676,412,44,'2014-03-13 18:36:42.932401','2014-03-13 18:46:02.957865');
INSERT INTO "scores" VALUES(2428,3676,410,29,'2014-03-13 18:36:43.089666','2014-03-13 18:46:03.159758');
INSERT INTO "scores" VALUES(2429,3676,420,29,'2014-03-13 18:36:43.268466','2014-03-13 18:46:03.383096');
INSERT INTO "scores" VALUES(2430,3677,402,20,'2014-03-13 18:36:43.693310','2014-03-13 18:46:03.517585');
INSERT INTO "scores" VALUES(2431,3677,414,39,'2014-03-13 18:36:43.827288','2014-03-13 18:46:03.651866');
INSERT INTO "scores" VALUES(2432,3677,435,55,'2014-03-13 18:36:43.961801','2014-03-13 18:46:03.786289');
INSERT INTO "scores" VALUES(2433,3677,436,14,'2014-03-13 18:36:44.118933','2014-03-13 18:46:03.942517');
INSERT INTO "scores" VALUES(2434,3677,414,66,'2014-03-13 18:36:44.275447','2014-03-13 18:46:04.199641');
INSERT INTO "scores" VALUES(2435,3677,440,79,'2014-03-13 18:36:44.522808','2014-03-13 18:46:04.367431');
INSERT INTO "scores" VALUES(2436,3677,408,7,'2014-03-13 18:36:44.712724','2014-03-13 18:46:04.524091');
INSERT INTO "scores" VALUES(2437,3677,425,77,'2014-03-13 18:36:44.969354','2014-03-13 18:46:04.693442');
INSERT INTO "scores" VALUES(2438,3678,436,70,'2014-03-13 18:36:45.371793','2014-03-13 18:46:04.861226');
INSERT INTO "scores" VALUES(2439,3678,405,89,'2014-03-13 18:36:45.572820','2014-03-13 18:46:05.006770');
INSERT INTO "scores" VALUES(2440,3678,431,51,'2014-03-13 18:36:45.740708','2014-03-13 18:46:05.141304');
INSERT INTO "scores" VALUES(2441,3678,422,71,'2014-03-13 18:36:45.897524','2014-03-13 18:46:05.275717');
INSERT INTO "scores" VALUES(2442,3678,421,68,'2014-03-13 18:36:46.054123','2014-03-13 18:46:05.476690');
INSERT INTO "scores" VALUES(2443,3678,416,25,'2014-03-13 18:36:46.290162','2014-03-13 18:46:05.677785');
INSERT INTO "scores" VALUES(2444,3678,438,77,'2014-03-13 18:36:46.469108','2014-03-13 18:46:05.845494');
INSERT INTO "scores" VALUES(2445,3678,410,88,'2014-03-13 18:36:46.625618','2014-03-13 18:46:06.002188');
INSERT INTO "scores" VALUES(2446,3679,439,72,'2014-03-13 18:36:46.916257','2014-03-13 18:46:06.203163');
INSERT INTO "scores" VALUES(2447,3679,407,22,'2014-03-13 18:36:47.262019','2014-03-13 18:46:06.405679');
INSERT INTO "scores" VALUES(2448,3679,411,1,'2014-03-13 18:36:47.431080','2014-03-13 18:46:06.551251');
INSERT INTO "scores" VALUES(2449,3679,423,83,'2014-03-13 18:36:47.565748','2014-03-13 18:46:06.685577');
INSERT INTO "scores" VALUES(2450,3679,428,15,'2014-03-13 18:36:47.733625','2014-03-13 18:46:06.819878');
INSERT INTO "scores" VALUES(2451,3679,418,40,'2014-03-13 18:36:47.891088','2014-03-13 18:46:07.169286');
INSERT INTO "scores" VALUES(2452,3679,414,7,'2014-03-13 18:36:48.048616','2014-03-13 18:46:07.544263');
INSERT INTO "scores" VALUES(2453,3679,435,13,'2014-03-13 18:36:48.205570','2014-03-13 18:46:07.700444');
INSERT INTO "scores" VALUES(2454,3680,440,40,'2014-03-13 18:36:48.496584','2014-03-13 18:46:07.868780');
INSERT INTO "scores" VALUES(2455,3680,418,5,'2014-03-13 18:36:48.719102','2014-03-13 18:46:08.070027');
INSERT INTO "scores" VALUES(2456,3680,415,42,'2014-03-13 18:36:48.886881','2014-03-13 18:46:08.259874');
INSERT INTO "scores" VALUES(2457,3680,417,25,'2014-03-13 18:36:49.044638','2014-03-13 18:46:08.406855');
INSERT INTO "scores" VALUES(2458,3680,435,50,'2014-03-13 18:36:49.201253','2014-03-13 18:46:08.563599');
INSERT INTO "scores" VALUES(2459,3680,416,60,'2014-03-13 18:36:49.381870','2014-03-13 18:46:08.697080');
INSERT INTO "scores" VALUES(2460,3680,436,2,'2014-03-13 18:36:49.538940','2014-03-13 18:46:08.843507');
INSERT INTO "scores" VALUES(2461,3680,428,61,'2014-03-13 18:36:49.673359','2014-03-13 18:46:09.066953');
INSERT INTO "scores" VALUES(2462,3681,402,65,'2014-03-13 18:36:49.942195','2014-03-13 18:46:09.390474');
INSERT INTO "scores" VALUES(2463,3681,403,34,'2014-03-13 18:36:50.098832','2014-03-13 18:46:09.558621');
INSERT INTO "scores" VALUES(2464,3681,414,57,'2014-03-13 18:36:50.266655','2014-03-13 18:46:09.715053');
INSERT INTO "scores" VALUES(2465,3681,413,7,'2014-03-13 18:36:50.423476','2014-03-13 18:46:09.949537');
INSERT INTO "scores" VALUES(2466,3681,423,90,'2014-03-13 18:36:50.647084','2014-03-13 18:46:10.150243');
INSERT INTO "scores" VALUES(2467,3681,410,30,'2014-03-13 18:36:50.860852','2014-03-13 18:46:10.319806');
INSERT INTO "scores" VALUES(2468,3681,429,24,'2014-03-13 18:36:51.017379','2014-03-13 18:46:10.454242');
INSERT INTO "scores" VALUES(2469,3681,416,77,'2014-03-13 18:36:51.152149','2014-03-13 18:46:10.633265');
INSERT INTO "scores" VALUES(2470,3682,438,7,'2014-03-13 18:36:51.465822','2014-03-13 18:46:10.823007');
INSERT INTO "scores" VALUES(2471,3682,432,14,'2014-03-13 18:36:51.655724','2014-03-13 18:46:11.013034');
INSERT INTO "scores" VALUES(2472,3682,411,38,'2014-03-13 18:36:51.812243','2014-03-13 18:46:11.169652');
INSERT INTO "scores" VALUES(2473,3682,418,4,'2014-03-13 18:36:52.137944','2014-03-13 18:46:11.326046');
INSERT INTO "scores" VALUES(2474,3682,436,73,'2014-03-13 18:36:52.581923','2014-03-13 18:46:11.538554');
INSERT INTO "scores" VALUES(2475,3682,401,59,'2014-03-13 18:36:52.751167','2014-03-13 18:46:11.717463');
INSERT INTO "scores" VALUES(2476,3682,404,33,'2014-03-13 18:36:52.907907','2014-03-13 18:46:11.851845');
INSERT INTO "scores" VALUES(2477,3682,420,66,'2014-03-13 18:36:53.064811','2014-03-13 18:46:12.042588');
INSERT INTO "scores" VALUES(2478,3683,414,55,'2014-03-13 18:36:53.501069','2014-03-13 18:46:12.189390');
INSERT INTO "scores" VALUES(2479,3683,422,44,'2014-03-13 18:36:53.657690','2014-03-13 18:46:12.345575');
INSERT INTO "scores" VALUES(2480,3683,426,76,'2014-03-13 18:36:53.835814','2014-03-13 18:46:12.502915');
INSERT INTO "scores" VALUES(2481,3683,409,25,'2014-03-13 18:36:54.015549','2014-03-13 18:46:12.711298');
INSERT INTO "scores" VALUES(2482,3683,413,7,'2014-03-13 18:36:54.171879','2014-03-13 18:46:12.904917');
INSERT INTO "scores" VALUES(2483,3683,409,63,'2014-03-13 18:36:54.330545','2014-03-13 18:46:13.061784');
INSERT INTO "scores" VALUES(2484,3683,410,57,'2014-03-13 18:36:54.464948','2014-03-13 18:46:13.307171');
INSERT INTO "scores" VALUES(2485,3683,407,46,'2014-03-13 18:36:54.599456','2014-03-13 18:46:13.463573');
INSERT INTO "scores" VALUES(2486,3684,422,46,'2014-03-13 18:36:54.902027','2014-03-13 18:46:13.642581');
INSERT INTO "scores" VALUES(2487,3684,429,89,'2014-03-13 18:36:55.058518','2014-03-13 18:46:13.823116');
INSERT INTO "scores" VALUES(2488,3684,435,3,'2014-03-13 18:36:55.215371','2014-03-13 18:46:13.979751');
INSERT INTO "scores" VALUES(2489,3684,434,73,'2014-03-13 18:36:55.371909','2014-03-13 18:46:14.114387');
INSERT INTO "scores" VALUES(2490,3684,433,34,'2014-03-13 18:36:55.528507','2014-03-13 18:46:14.271048');
INSERT INTO "scores" VALUES(2491,3684,422,83,'2014-03-13 18:36:55.685406','2014-03-13 18:46:14.427448');
INSERT INTO "scores" VALUES(2492,3684,431,38,'2014-03-13 18:36:55.840405','2014-03-13 18:46:14.584173');
INSERT INTO "scores" VALUES(2493,3684,403,75,'2014-03-13 18:36:55.986540','2014-03-13 18:46:14.718673');
INSERT INTO "scores" VALUES(2494,3685,431,57,'2014-03-13 18:36:56.311781','2014-03-13 18:46:14.853039');
INSERT INTO "scores" VALUES(2495,3685,403,22,'2014-03-13 18:36:56.448063','2014-03-13 18:46:14.987353');
INSERT INTO "scores" VALUES(2496,3685,419,64,'2014-03-13 18:36:56.604062','2014-03-13 18:46:15.121887');
INSERT INTO "scores" VALUES(2497,3685,421,31,'2014-03-13 18:36:56.760921','2014-03-13 18:46:15.279829');
INSERT INTO "scores" VALUES(2498,3685,426,24,'2014-03-13 18:36:57.314285','2014-03-13 18:46:15.436571');
INSERT INTO "scores" VALUES(2499,3685,425,33,'2014-03-13 18:36:57.543345','2014-03-13 18:46:15.593171');
INSERT INTO "scores" VALUES(2500,3685,403,9,'2014-03-13 18:36:57.691507','2014-03-13 18:46:15.772093');
INSERT INTO "scores" VALUES(2501,3685,409,74,'2014-03-13 18:36:57.823374','2014-03-13 18:46:15.995808');
INSERT INTO "scores" VALUES(2502,3686,412,57,'2014-03-13 18:36:58.125440','2014-03-13 18:46:16.398279');
INSERT INTO "scores" VALUES(2503,3686,440,83,'2014-03-13 18:36:58.338942','2014-03-13 18:46:16.566219');
INSERT INTO "scores" VALUES(2504,3686,440,58,'2014-03-13 18:36:58.495047','2014-03-13 18:46:16.722821');
INSERT INTO "scores" VALUES(2505,3686,422,9,'2014-03-13 18:36:58.652235','2014-03-13 18:46:16.936419');
INSERT INTO "scores" VALUES(2506,3686,439,48,'2014-03-13 18:36:58.896990','2014-03-13 18:46:17.126729');
INSERT INTO "scores" VALUES(2507,3686,424,50,'2014-03-13 18:36:59.188221','2014-03-13 18:46:17.294561');
INSERT INTO "scores" VALUES(2508,3686,430,61,'2014-03-13 18:36:59.501131','2014-03-13 18:46:17.628919');
INSERT INTO "scores" VALUES(2509,3686,421,13,'2014-03-13 18:36:59.668971','2014-03-13 18:46:17.785696');
INSERT INTO "scores" VALUES(2510,3687,423,85,'2014-03-13 18:37:00.028294','2014-03-13 18:46:17.941867');
INSERT INTO "scores" VALUES(2511,3687,425,17,'2014-03-13 18:37:00.184750','2014-03-13 18:46:18.076680');
INSERT INTO "scores" VALUES(2512,3687,437,59,'2014-03-13 18:37:00.385923','2014-03-13 18:46:18.211024');
INSERT INTO "scores" VALUES(2513,3687,427,28,'2014-03-13 18:37:00.609235','2014-03-13 18:46:18.345551');
INSERT INTO "scores" VALUES(2514,3687,440,55,'2014-03-13 18:37:00.777095','2014-03-13 18:46:18.524316');
INSERT INTO "scores" VALUES(2515,3687,419,88,'2014-03-13 18:37:00.943357','2014-03-13 18:46:18.748914');
INSERT INTO "scores" VALUES(2516,3687,410,81,'2014-03-13 18:37:01.101428','2014-03-13 18:46:18.961013');
INSERT INTO "scores" VALUES(2517,3687,427,85,'2014-03-13 18:37:01.302167','2014-03-13 18:46:19.118000');
INSERT INTO "scores" VALUES(2518,3688,401,32,'2014-03-13 18:37:01.682272','2014-03-13 18:46:19.287991');
INSERT INTO "scores" VALUES(2519,3688,415,24,'2014-03-13 18:37:01.838633','2014-03-13 18:46:19.521413');
INSERT INTO "scores" VALUES(2520,3688,429,71,'2014-03-13 18:37:01.985798','2014-03-13 18:46:19.700172');
INSERT INTO "scores" VALUES(2521,3688,429,4,'2014-03-13 18:37:02.186979','2014-03-13 18:46:19.834326');
INSERT INTO "scores" VALUES(2522,3688,433,56,'2014-03-13 18:37:02.354584','2014-03-13 18:46:19.991156');
INSERT INTO "scores" VALUES(2523,3688,429,50,'2014-03-13 18:37:02.522482','2014-03-13 18:46:20.147779');
INSERT INTO "scores" VALUES(2524,3688,420,68,'2014-03-13 18:37:02.712440','2014-03-13 18:46:20.306134');
INSERT INTO "scores" VALUES(2525,3688,407,85,'2014-03-13 18:37:02.914537','2014-03-13 18:46:20.462767');
INSERT INTO "scores" VALUES(2526,3689,439,43,'2014-03-13 18:37:03.214860','2014-03-13 18:46:20.619338');
INSERT INTO "scores" VALUES(2527,3689,434,83,'2014-03-13 18:37:03.383464','2014-03-13 18:46:20.753678');
INSERT INTO "scores" VALUES(2528,3689,434,5,'2014-03-13 18:37:03.605082','2014-03-13 18:46:20.887948');
INSERT INTO "scores" VALUES(2529,3689,437,21,'2014-03-13 18:37:03.809488','2014-03-13 18:46:21.022518');
INSERT INTO "scores" VALUES(2530,3689,439,50,'2014-03-13 18:37:03.965599','2014-03-13 18:46:21.167959');
INSERT INTO "scores" VALUES(2531,3689,413,10,'2014-03-13 18:37:04.176563','2014-03-13 18:46:21.324681');
INSERT INTO "scores" VALUES(2532,3689,411,65,'2014-03-13 18:37:04.379212','2014-03-13 18:46:21.481230');
INSERT INTO "scores" VALUES(2533,3689,425,5,'2014-03-13 18:37:04.534201','2014-03-13 18:46:21.648303');
INSERT INTO "scores" VALUES(2534,3690,415,43,'2014-03-13 18:37:04.815913','2014-03-13 18:46:21.862679');
INSERT INTO "scores" VALUES(2535,3690,433,37,'2014-03-13 18:37:05.017053','2014-03-13 18:46:22.552883');
INSERT INTO "scores" VALUES(2536,3690,428,64,'2014-03-13 18:37:05.195668','2014-03-13 18:46:22.698532');
INSERT INTO "scores" VALUES(2537,3690,410,1,'2014-03-13 18:37:05.352222','2014-03-13 18:46:22.921448');
INSERT INTO "scores" VALUES(2538,3690,429,23,'2014-03-13 18:37:05.498361','2014-03-13 18:46:23.122650');
INSERT INTO "scores" VALUES(2539,3690,405,58,'2014-03-13 18:37:05.721431','2014-03-13 18:46:23.268099');
INSERT INTO "scores" VALUES(2540,3690,411,72,'2014-03-13 18:37:05.889003','2014-03-13 18:46:23.424827');
INSERT INTO "scores" VALUES(2541,3690,421,11,'2014-03-13 18:37:06.045752','2014-03-13 18:46:23.614842');
INSERT INTO "scores" VALUES(2542,3691,430,31,'2014-03-13 18:37:06.338323','2014-03-13 18:46:23.826918');
INSERT INTO "scores" VALUES(2543,3691,408,88,'2014-03-13 18:37:06.471679','2014-03-13 18:46:23.983664');
INSERT INTO "scores" VALUES(2544,3691,432,44,'2014-03-13 18:37:06.605478','2014-03-13 18:46:24.152830');
INSERT INTO "scores" VALUES(2545,3691,438,34,'2014-03-13 18:37:06.795708','2014-03-13 18:46:24.376117');
INSERT INTO "scores" VALUES(2546,3691,420,29,'2014-03-13 18:37:06.942347','2014-03-13 18:46:24.543822');
INSERT INTO "scores" VALUES(2547,3691,406,29,'2014-03-13 18:37:07.343580','2014-03-13 18:46:24.678403');
INSERT INTO "scores" VALUES(2548,3691,419,40,'2014-03-13 18:37:07.680275','2014-03-13 18:46:24.812670');
INSERT INTO "scores" VALUES(2549,3691,432,45,'2014-03-13 18:37:07.836216','2014-03-13 18:46:24.980199');
INSERT INTO "scores" VALUES(2550,3692,410,83,'2014-03-13 18:37:08.194447','2014-03-13 18:46:25.192677');
INSERT INTO "scores" VALUES(2551,3692,436,45,'2014-03-13 18:37:08.373251','2014-03-13 18:46:25.404779');
INSERT INTO "scores" VALUES(2552,3692,406,13,'2014-03-13 18:37:08.507938','2014-03-13 18:46:25.561425');
INSERT INTO "scores" VALUES(2553,3692,432,68,'2014-03-13 18:37:08.641971','2014-03-13 18:46:25.717145');
INSERT INTO "scores" VALUES(2554,3692,429,43,'2014-03-13 18:37:08.787869','2014-03-13 18:46:25.896958');
INSERT INTO "scores" VALUES(2555,3692,424,52,'2014-03-13 18:37:08.955084','2014-03-13 18:46:26.088190');
INSERT INTO "scores" VALUES(2556,3692,436,61,'2014-03-13 18:37:09.113636','2014-03-13 18:46:26.222679');
INSERT INTO "scores" VALUES(2557,3692,431,41,'2014-03-13 18:37:09.270077','2014-03-13 18:46:26.357034');
INSERT INTO "scores" VALUES(2558,3693,416,67,'2014-03-13 18:37:09.583315','2014-03-13 18:46:26.502721');
INSERT INTO "scores" VALUES(2559,3693,431,64,'2014-03-13 18:37:09.740038','2014-03-13 18:46:26.659193');
INSERT INTO "scores" VALUES(2560,3693,415,1,'2014-03-13 18:37:09.885304','2014-03-13 18:46:26.815751');
INSERT INTO "scores" VALUES(2561,3693,436,82,'2014-03-13 18:37:10.041974','2014-03-13 18:46:27.049955');
INSERT INTO "scores" VALUES(2562,3693,409,33,'2014-03-13 18:37:10.176582','2014-03-13 18:46:27.206610');
INSERT INTO "scores" VALUES(2563,3693,425,56,'2014-03-13 18:37:10.332862','2014-03-13 18:46:27.363371');
INSERT INTO "scores" VALUES(2564,3693,405,5,'2014-03-13 18:37:10.490096','2014-03-13 18:46:27.564562');
INSERT INTO "scores" VALUES(2565,3693,404,63,'2014-03-13 18:37:10.647265','2014-03-13 18:46:27.766537');
INSERT INTO "scores" VALUES(2566,3694,410,3,'2014-03-13 18:37:11.305559','2014-03-13 18:46:27.923192');
INSERT INTO "scores" VALUES(2567,3694,436,2,'2014-03-13 18:37:11.462428','2014-03-13 18:46:28.057850');
INSERT INTO "scores" VALUES(2568,3694,426,7,'2014-03-13 18:37:11.651383','2014-03-13 18:46:28.214728');
INSERT INTO "scores" VALUES(2569,3694,432,61,'2014-03-13 18:37:11.864350','2014-03-13 18:46:28.371261');
INSERT INTO "scores" VALUES(2570,3694,402,17,'2014-03-13 18:37:12.050576','2014-03-13 18:46:28.527173');
INSERT INTO "scores" VALUES(2571,3694,403,39,'2014-03-13 18:37:12.210813','2014-03-13 18:46:28.673151');
INSERT INTO "scores" VALUES(2572,3694,421,38,'2014-03-13 18:37:12.378818','2014-03-13 18:46:28.885006');
INSERT INTO "scores" VALUES(2573,3694,401,7,'2014-03-13 18:37:12.601913','2014-03-13 18:46:29.064093');
INSERT INTO "scores" VALUES(2574,3695,439,48,'2014-03-13 18:37:12.939196','2014-03-13 18:46:29.198642');
INSERT INTO "scores" VALUES(2575,3695,435,39,'2014-03-13 18:37:13.095675','2014-03-13 18:46:29.366598');
INSERT INTO "scores" VALUES(2576,3695,428,15,'2014-03-13 18:37:13.262801','2014-03-13 18:46:29.569037');
INSERT INTO "scores" VALUES(2577,3695,428,80,'2014-03-13 18:37:13.509745','2014-03-13 18:46:29.736819');
INSERT INTO "scores" VALUES(2578,3695,432,72,'2014-03-13 18:37:13.926217','2014-03-13 18:46:29.893248');
INSERT INTO "scores" VALUES(2579,3695,413,15,'2014-03-13 18:37:14.111473','2014-03-13 18:46:30.049442');
INSERT INTO "scores" VALUES(2580,3695,421,69,'2014-03-13 18:37:14.312666','2014-03-13 18:46:30.206703');
INSERT INTO "scores" VALUES(2581,3695,420,29,'2014-03-13 18:37:14.513634','2014-03-13 18:46:30.363404');
INSERT INTO "scores" VALUES(2582,3696,436,8,'2014-03-13 18:37:14.829147','2014-03-13 18:46:30.519912');
INSERT INTO "scores" VALUES(2583,3696,425,66,'2014-03-13 18:37:14.986031','2014-03-13 18:46:30.676299');
INSERT INTO "scores" VALUES(2584,3696,408,46,'2014-03-13 18:37:15.143073','2014-03-13 18:46:30.810966');
INSERT INTO "scores" VALUES(2585,3696,404,35,'2014-03-13 18:37:15.377019','2014-03-13 18:46:31.022970');
INSERT INTO "scores" VALUES(2586,3696,419,54,'2014-03-13 18:37:15.511948','2014-03-13 18:46:31.225709');
INSERT INTO "scores" VALUES(2587,3696,414,54,'2014-03-13 18:37:15.645528','2014-03-13 18:46:31.382334');
INSERT INTO "scores" VALUES(2588,3696,411,1,'2014-03-13 18:37:15.780657','2014-03-13 18:46:31.549088');
INSERT INTO "scores" VALUES(2589,3696,401,12,'2014-03-13 18:37:15.935594','2014-03-13 18:46:31.751311');
INSERT INTO "scores" VALUES(2590,3697,404,16,'2014-03-13 18:37:16.307767','2014-03-13 18:46:31.929775');
INSERT INTO "scores" VALUES(2591,3697,433,29,'2014-03-13 18:37:16.464268','2014-03-13 18:46:32.086018');
INSERT INTO "scores" VALUES(2592,3697,432,38,'2014-03-13 18:37:16.621007','2014-03-13 18:46:32.221391');
INSERT INTO "scores" VALUES(2593,3697,411,26,'2014-03-13 18:37:16.778084','2014-03-13 18:46:32.377471');
INSERT INTO "scores" VALUES(2594,3697,410,9,'2014-03-13 18:37:16.955627','2014-03-13 18:46:32.568501');
INSERT INTO "scores" VALUES(2595,3697,408,55,'2014-03-13 18:37:17.201326','2014-03-13 18:46:32.710885');
INSERT INTO "scores" VALUES(2596,3697,434,42,'2014-03-13 18:37:17.360003','2014-03-13 18:46:32.938200');
INSERT INTO "scores" VALUES(2597,3697,412,55,'2014-03-13 18:37:17.526993','2014-03-13 18:46:33.116777');
INSERT INTO "scores" VALUES(2598,3698,416,54,'2014-03-13 18:37:17.931419','2014-03-13 18:46:33.255783');
INSERT INTO "scores" VALUES(2599,3698,424,14,'2014-03-13 18:37:18.088401','2014-03-13 18:46:33.407832');
INSERT INTO "scores" VALUES(2600,3698,412,90,'2014-03-13 18:37:18.244768','2014-03-13 18:46:33.654408');
INSERT INTO "scores" VALUES(2601,3698,413,1,'2014-03-13 18:37:18.401027','2014-03-13 18:46:33.854518');
INSERT INTO "scores" VALUES(2602,3698,413,24,'2014-03-13 18:37:18.558328','2014-03-13 18:46:34.022796');
INSERT INTO "scores" VALUES(2603,3698,423,74,'2014-03-13 18:37:18.703265','2014-03-13 18:46:34.157395');
INSERT INTO "scores" VALUES(2604,3698,423,44,'2014-03-13 18:37:18.981050','2014-03-13 18:46:34.313732');
INSERT INTO "scores" VALUES(2605,3698,436,73,'2014-03-13 18:37:19.183309','2014-03-13 18:46:34.470684');
INSERT INTO "scores" VALUES(2606,3699,437,50,'2014-03-13 18:37:19.574980','2014-03-13 18:46:34.717671');
INSERT INTO "scores" VALUES(2607,3699,427,58,'2014-03-13 18:37:19.777902','2014-03-13 18:46:34.896410');
INSERT INTO "scores" VALUES(2608,3699,427,63,'2014-03-13 18:37:20.022197','2014-03-13 18:46:35.053102');
INSERT INTO "scores" VALUES(2609,3699,420,68,'2014-03-13 18:37:20.180378','2014-03-13 18:46:35.243099');
INSERT INTO "scores" VALUES(2610,3699,410,55,'2014-03-13 18:37:20.448363','2014-03-13 18:46:35.444111');
INSERT INTO "scores" VALUES(2611,3699,438,45,'2014-03-13 18:37:20.805959','2014-03-13 18:46:35.600730');
INSERT INTO "scores" VALUES(2612,3699,440,14,'2014-03-13 18:37:20.963007','2014-03-13 18:46:35.735024');
INSERT INTO "scores" VALUES(2613,3699,435,56,'2014-03-13 18:37:21.130240','2014-03-13 18:46:35.869582');
INSERT INTO "scores" VALUES(2614,3700,407,3,'2014-03-13 18:37:21.523501','2014-03-13 18:46:36.003876');
INSERT INTO "scores" VALUES(2615,3700,422,82,'2014-03-13 18:37:21.658323','2014-03-13 18:46:36.160536');
INSERT INTO "scores" VALUES(2616,3700,433,53,'2014-03-13 18:37:21.791961','2014-03-13 18:46:36.318679');
INSERT INTO "scores" VALUES(2617,3700,417,26,'2014-03-13 18:37:21.937065','2014-03-13 18:46:36.486807');
INSERT INTO "scores" VALUES(2618,3700,406,5,'2014-03-13 18:37:22.150483','2014-03-13 18:46:36.666310');
INSERT INTO "scores" VALUES(2619,3700,435,71,'2014-03-13 18:37:22.296603','2014-03-13 18:46:36.877706');
INSERT INTO "scores" VALUES(2620,3700,426,39,'2014-03-13 18:37:22.464445','2014-03-13 18:46:37.034193');
INSERT INTO "scores" VALUES(2621,3700,425,56,'2014-03-13 18:37:22.597962','2014-03-13 18:46:37.168515');
INSERT INTO "scores" VALUES(2622,3701,431,35,'2014-03-13 18:37:22.891613','2014-03-13 18:46:37.291598');
INSERT INTO "scores" VALUES(2623,3701,404,53,'2014-03-13 18:37:23.013477','2014-03-13 18:46:37.437020');
INSERT INTO "scores" VALUES(2624,3701,414,70,'2014-03-13 18:37:23.138266','2014-03-13 18:46:37.616000');
INSERT INTO "scores" VALUES(2625,3701,409,24,'2014-03-13 18:37:23.327772','2014-03-13 18:46:37.761783');
INSERT INTO "scores" VALUES(2626,3701,437,41,'2014-03-13 18:37:23.507056','2014-03-13 18:46:37.908708');
INSERT INTO "scores" VALUES(2627,3701,419,49,'2014-03-13 18:37:23.652250','2014-03-13 18:46:38.120848');
INSERT INTO "scores" VALUES(2628,3701,412,66,'2014-03-13 18:37:23.797572','2014-03-13 18:46:38.299525');
INSERT INTO "scores" VALUES(2629,3701,418,22,'2014-03-13 18:37:24.009936','2014-03-13 18:46:38.445118');
INSERT INTO "scores" VALUES(2630,3702,435,4,'2014-03-13 18:37:24.533529','2014-03-13 18:46:38.590858');
INSERT INTO "scores" VALUES(2631,3702,429,27,'2014-03-13 18:37:24.903860','2014-03-13 18:46:38.747345');
INSERT INTO "scores" VALUES(2632,3702,430,42,'2014-03-13 18:37:25.041737','2014-03-13 18:46:38.937271');
INSERT INTO "scores" VALUES(2633,3702,430,41,'2014-03-13 18:37:25.251663','2014-03-13 18:46:39.316260');
INSERT INTO "scores" VALUES(2634,3702,417,55,'2014-03-13 18:37:25.396471','2014-03-13 18:46:39.495260');
INSERT INTO "scores" VALUES(2635,3702,413,12,'2014-03-13 18:37:25.531491','2014-03-13 18:46:39.663348');
INSERT INTO "scores" VALUES(2636,3702,430,66,'2014-03-13 18:37:25.743625','2014-03-13 18:46:39.855428');
INSERT INTO "scores" VALUES(2637,3702,403,37,'2014-03-13 18:37:25.934113','2014-03-13 18:46:40.034236');
INSERT INTO "scores" VALUES(2638,3703,409,48,'2014-03-13 18:37:26.216112','2014-03-13 18:46:40.179446');
INSERT INTO "scores" VALUES(2639,3703,422,24,'2014-03-13 18:37:26.427678','2014-03-13 18:46:40.324909');
INSERT INTO "scores" VALUES(2640,3703,404,40,'2014-03-13 18:37:26.630219','2014-03-13 18:46:40.492919');
INSERT INTO "scores" VALUES(2641,3703,421,86,'2014-03-13 18:37:27.351811','2014-03-13 18:46:40.862040');
INSERT INTO "scores" VALUES(2642,3703,419,5,'2014-03-13 18:37:27.555915','2014-03-13 18:46:41.007534');
INSERT INTO "scores" VALUES(2643,3703,412,59,'2014-03-13 18:37:27.734891','2014-03-13 18:46:41.152738');
INSERT INTO "scores" VALUES(2644,3703,411,87,'2014-03-13 18:37:27.880216','2014-03-13 18:46:41.298343');
INSERT INTO "scores" VALUES(2645,3703,414,41,'2014-03-13 18:37:28.025859','2014-03-13 18:46:41.434096');
INSERT INTO "scores" VALUES(2646,3704,427,12,'2014-03-13 18:37:28.296179','2014-03-13 18:46:41.579699');
INSERT INTO "scores" VALUES(2647,3704,412,19,'2014-03-13 18:37:28.419395','2014-03-13 18:46:41.812473');
INSERT INTO "scores" VALUES(2648,3704,405,78,'2014-03-13 18:37:28.531505','2014-03-13 18:46:42.327091');
INSERT INTO "scores" VALUES(2649,3704,437,49,'2014-03-13 18:37:28.676515','2014-03-13 18:46:42.507369');
INSERT INTO "scores" VALUES(2650,3704,434,57,'2014-03-13 18:37:28.844942','2014-03-13 18:46:42.653050');
INSERT INTO "scores" VALUES(2651,3704,404,14,'2014-03-13 18:37:28.989747','2014-03-13 18:46:42.798552');
INSERT INTO "scores" VALUES(2652,3704,432,63,'2014-03-13 18:37:29.124193','2014-03-13 18:46:42.988434');
INSERT INTO "scores" VALUES(2653,3704,419,71,'2014-03-13 18:37:29.436760','2014-03-13 18:46:43.246653');
INSERT INTO "scores" VALUES(2654,3705,420,78,'2014-03-13 18:37:29.852384','2014-03-13 18:46:43.391236');
INSERT INTO "scores" VALUES(2655,3705,438,16,'2014-03-13 18:37:29.997940','2014-03-13 18:46:43.537413');
INSERT INTO "scores" VALUES(2656,3705,439,7,'2014-03-13 18:37:30.211024','2014-03-13 18:46:43.704522');
INSERT INTO "scores" VALUES(2657,3705,434,81,'2014-03-13 18:37:30.614162','2014-03-13 18:46:43.884143');
INSERT INTO "scores" VALUES(2658,3705,434,12,'2014-03-13 18:37:30.759619','2014-03-13 18:46:44.018741');
INSERT INTO "scores" VALUES(2659,3705,437,63,'2014-03-13 18:37:30.927924','2014-03-13 18:46:44.164114');
INSERT INTO "scores" VALUES(2660,3705,402,28,'2014-03-13 18:37:31.106700','2014-03-13 18:46:44.308609');
INSERT INTO "scores" VALUES(2661,3705,439,31,'2014-03-13 18:37:31.231412','2014-03-13 18:46:44.455089');
INSERT INTO "scores" VALUES(2662,3706,438,81,'2014-03-13 18:37:31.500323','2014-03-13 18:46:44.600329');
INSERT INTO "scores" VALUES(2663,3706,407,16,'2014-03-13 18:37:31.645781','2014-03-13 18:46:44.724515');
INSERT INTO "scores" VALUES(2664,3706,417,51,'2014-03-13 18:37:31.790257','2014-03-13 18:46:44.870523');
INSERT INTO "scores" VALUES(2665,3706,408,28,'2014-03-13 18:37:31.959226','2014-03-13 18:46:45.082203');
INSERT INTO "scores" VALUES(2666,3706,433,24,'2014-03-13 18:37:32.128261','2014-03-13 18:46:45.273079');
INSERT INTO "scores" VALUES(2667,3706,427,64,'2014-03-13 18:37:32.273679','2014-03-13 18:46:45.396182');
INSERT INTO "scores" VALUES(2668,3706,402,8,'2014-03-13 18:37:32.407894','2014-03-13 18:46:45.541711');
INSERT INTO "scores" VALUES(2669,3706,432,43,'2014-03-13 18:37:32.588335','2014-03-13 18:46:45.675852');
INSERT INTO "scores" VALUES(2670,3707,435,1,'2014-03-13 18:37:32.934797','2014-03-13 18:46:45.843109');
INSERT INTO "scores" VALUES(2671,3707,417,86,'2014-03-13 18:37:33.136480','2014-03-13 18:46:46.055800');
INSERT INTO "scores" VALUES(2672,3707,415,48,'2014-03-13 18:37:33.415647','2014-03-13 18:46:46.302641');
INSERT INTO "scores" VALUES(2673,3707,427,68,'2014-03-13 18:37:33.583406','2014-03-13 18:46:46.505224');
INSERT INTO "scores" VALUES(2674,3707,431,40,'2014-03-13 18:37:33.728909','2014-03-13 18:46:46.650549');
INSERT INTO "scores" VALUES(2675,3707,405,60,'2014-03-13 18:37:33.874376','2014-03-13 18:46:46.795777');
INSERT INTO "scores" VALUES(2676,3707,415,66,'2014-03-13 18:37:34.042108','2014-03-13 18:46:46.929788');
INSERT INTO "scores" VALUES(2677,3707,407,6,'2014-03-13 18:37:34.220934','2014-03-13 18:46:47.108972');
INSERT INTO "scores" VALUES(2678,3708,412,79,'2014-03-13 18:37:34.535954','2014-03-13 18:46:47.232712');
INSERT INTO "scores" VALUES(2679,3708,416,53,'2014-03-13 18:37:34.681702','2014-03-13 18:46:47.389528');
INSERT INTO "scores" VALUES(2680,3708,406,25,'2014-03-13 18:37:34.872228','2014-03-13 18:46:47.634846');
INSERT INTO "scores" VALUES(2681,3708,429,4,'2014-03-13 18:37:35.185389','2014-03-13 18:46:47.780470');
INSERT INTO "scores" VALUES(2682,3708,428,83,'2014-03-13 18:37:35.330871','2014-03-13 18:46:47.925702');
INSERT INTO "scores" VALUES(2683,3708,423,11,'2014-03-13 18:37:35.465159','2014-03-13 18:46:48.117508');
INSERT INTO "scores" VALUES(2684,3708,414,78,'2014-03-13 18:37:35.588392','2014-03-13 18:46:48.263151');
INSERT INTO "scores" VALUES(2685,3708,430,59,'2014-03-13 18:37:35.724299','2014-03-13 18:46:48.408467');
INSERT INTO "scores" VALUES(2686,3709,412,47,'2014-03-13 18:37:36.149032','2014-03-13 18:46:48.553846');
INSERT INTO "scores" VALUES(2687,3709,431,56,'2014-03-13 18:37:36.304740','2014-03-13 18:46:48.699361');
INSERT INTO "scores" VALUES(2688,3709,431,47,'2014-03-13 18:37:36.462296','2014-03-13 18:46:48.822828');
INSERT INTO "scores" VALUES(2689,3709,404,64,'2014-03-13 18:37:36.629935','2014-03-13 18:46:49.034871');
INSERT INTO "scores" VALUES(2690,3709,416,15,'2014-03-13 18:37:36.808743','2014-03-13 18:46:49.236027');
INSERT INTO "scores" VALUES(2691,3709,403,12,'2014-03-13 18:37:36.954426','2014-03-13 18:46:49.381457');
INSERT INTO "scores" VALUES(2692,3709,436,59,'2014-03-13 18:37:37.122085','2014-03-13 18:46:49.526881');
INSERT INTO "scores" VALUES(2693,3709,432,45,'2014-03-13 18:37:37.266569','2014-03-13 18:46:49.661409');
CREATE TABLE "scorers" ("id" INTEGER PRIMARY KEY AUTOINCREMENT NOT NULL, "name" varchar(255), "created_at" datetime, "updated_at" datetime);
INSERT INTO "scorers" VALUES(401,'Scorer 0','2014-03-13 18:35:06.354399','2014-03-13 18:35:06.354399');
INSERT INTO "scorers" VALUES(402,'Scorer 1','2014-03-13 18:35:06.497571','2014-03-13 18:35:06.497571');
INSERT INTO "scorers" VALUES(403,'Scorer 2','2014-03-13 18:35:06.643547','2014-03-13 18:35:06.643547');
INSERT INTO "scorers" VALUES(404,'Scorer 3','2014-03-13 18:35:06.788682','2014-03-13 18:35:06.788682');
INSERT INTO "scorers" VALUES(405,'Scorer 4','2014-03-13 18:35:06.923107','2014-03-13 18:35:06.923107');
INSERT INTO "scorers" VALUES(406,'Scorer 5','2014-03-13 18:35:07.294927','2014-03-13 18:35:07.294927');
INSERT INTO "scorers" VALUES(407,'Scorer 6','2014-03-13 18:35:07.440405','2014-03-13 18:35:07.440405');
INSERT INTO "scorers" VALUES(408,'Scorer 7','2014-03-13 18:35:07.586006','2014-03-13 18:35:07.586006');
INSERT INTO "scorers" VALUES(409,'Scorer 8','2014-03-13 18:35:07.809745','2014-03-13 18:35:07.809745');
INSERT INTO "scorers" VALUES(410,'Scorer 9','2014-03-13 18:35:07.955127','2014-03-13 18:35:07.955127');
INSERT INTO "scorers" VALUES(411,'Scorer 10','2014-03-13 18:35:08.100534','2014-03-13 18:35:08.100534');
INSERT INTO "scorers" VALUES(412,'Scorer 11','2014-03-13 18:35:08.212912','2014-03-13 18:35:08.212912');
INSERT INTO "scorers" VALUES(413,'Scorer 12','2014-03-13 18:35:08.336063','2014-03-13 18:35:08.336063');
INSERT INTO "scorers" VALUES(414,'Scorer 13','2014-03-13 18:35:08.526070','2014-03-13 18:35:08.526070');
INSERT INTO "scorers" VALUES(415,'Scorer 14','2014-03-13 18:35:08.682631','2014-03-13 18:35:08.682631');
INSERT INTO "scorers" VALUES(416,'Scorer 15','2014-03-13 18:35:08.874286','2014-03-13 18:35:08.874286');
INSERT INTO "scorers" VALUES(417,'Scorer 16','2014-03-13 18:35:09.030864','2014-03-13 18:35:09.030864');
INSERT INTO "scorers" VALUES(418,'Scorer 17','2014-03-13 18:35:09.231892','2014-03-13 18:35:09.231892');
INSERT INTO "scorers" VALUES(419,'Scorer 18','2014-03-13 18:35:09.388415','2014-03-13 18:35:09.388415');
INSERT INTO "scorers" VALUES(420,'Scorer 19','2014-03-13 18:35:09.534117','2014-03-13 18:35:09.534117');
INSERT INTO "scorers" VALUES(421,'Scorer 20','2014-03-13 18:35:09.657157','2014-03-13 18:35:09.657157');
INSERT INTO "scorers" VALUES(422,'Scorer 21','2014-03-13 18:35:09.791625','2014-03-13 18:35:09.791625');
INSERT INTO "scorers" VALUES(423,'Scorer 22','2014-03-13 18:35:09.948312','2014-03-13 18:35:09.948312');
INSERT INTO "scorers" VALUES(424,'Scorer 23','2014-03-13 18:35:10.104937','2014-03-13 18:35:10.104937');
INSERT INTO "scorers" VALUES(425,'Scorer 24','2014-03-13 18:35:10.250441','2014-03-13 18:35:10.250441');
INSERT INTO "scorers" VALUES(426,'Scorer 25','2014-03-13 18:35:10.431379','2014-03-13 18:35:10.431379');
INSERT INTO "scorers" VALUES(427,'Scorer 26','2014-03-13 18:35:10.577101','2014-03-13 18:35:10.577101');
INSERT INTO "scorers" VALUES(428,'Scorer 27','2014-03-13 18:35:10.722751','2014-03-13 18:35:10.722751');
INSERT INTO "scorers" VALUES(429,'Scorer 28','2014-03-13 18:35:10.868198','2014-03-13 18:35:10.868198');
INSERT INTO "scorers" VALUES(430,'Scorer 29','2014-03-13 18:35:11.002635','2014-03-13 18:35:11.002635');
INSERT INTO "scorers" VALUES(431,'Scorer 30','2014-03-13 18:35:11.137054','2014-03-13 18:35:11.137054');
INSERT INTO "scorers" VALUES(432,'Scorer 31','2014-03-13 18:35:11.271485','2014-03-13 18:35:11.271485');
INSERT INTO "scorers" VALUES(433,'Scorer 32','2014-03-13 18:35:11.428016','2014-03-13 18:35:11.428016');
INSERT INTO "scorers" VALUES(434,'Scorer 33','2014-03-13 18:35:11.584633','2014-03-13 18:35:11.584633');
INSERT INTO "scorers" VALUES(435,'Scorer 34','2014-03-13 18:35:11.785939','2014-03-13 18:35:11.785939');
INSERT INTO "scorers" VALUES(436,'Scorer 35','2014-03-13 18:35:12.237808','2014-03-13 18:35:12.237808');
INSERT INTO "scorers" VALUES(437,'Scorer 36','2014-03-13 18:35:12.790722','2014-03-13 18:35:12.790722');
INSERT INTO "scorers" VALUES(438,'Scorer 37','2014-03-13 18:35:12.957946','2014-03-13 18:35:12.957946');
INSERT INTO "scorers" VALUES(439,'Scorer 38','2014-03-13 18:35:13.114908','2014-03-13 18:35:13.114908');
INSERT INTO "scorers" VALUES(440,'Scorer 39','2014-03-13 18:35:13.282722','2014-03-13 18:35:13.282722');
DELETE FROM sqlite_sequence;
INSERT INTO "sqlite_sequence" VALUES('users',231);
INSERT INTO "sqlite_sequence" VALUES('games',3709);
INSERT INTO "sqlite_sequence" VALUES('scorers',440);
INSERT INTO "sqlite_sequence" VALUES('scores',2693);
CREATE UNIQUE INDEX "unique_schema_migrations" ON "schema_migrations" ("version");
CREATE INDEX "index_games_on_home_player_id" ON "games" ("home_player_id");
CREATE INDEX "index_games_on_away_player_id" ON "games" ("away_player_id");
CREATE INDEX "index_scores_on_game_id" ON "scores" ("game_id");
CREATE INDEX "index_scores_on_scorer_id" ON "scores" ("scorer_id");
COMMIT;